Customer_ID,Education_Id,Marital_Status_Id,Kidhome,Teenhome,Income,Age
1826,1,1,0,0,84835.0,54
340,1,1,0,1,72967.0,54
8461,1,1,2,1,46102.0,62
10177,1,1,0,1,72071.0,70
2429,1,1,0,1,72071.0,70
10089,1,1,0,0,102692.0,50
8545,1,1,0,0,85683.0,70
3277,1,1,0,1,49431.0,69
7381,1,1,0,0,75693.0,56
10281,1,1,1,0,64713.0,54
11191,1,1,0,0,41411.0,38
4828,1,1,0,1,79865.0,70
9699,1,1,0,1,67272.0,58
1307,1,1,0,1,41986.0,46
3388,1,1,1,1,70844.0,57
380,1,1,0,1,64497.0,70
535,1,1,0,0,81361.0,37
4608,1,1,0,0,81361.0,37
6409,1,1,0,0,57136.0,57
6931,1,1,0,0,76982.0,57
3955,1,1,0,0,4861.0,59
5209,1,1,0,1,50002.0,70
8737,1,1,0,1,55563.0,46
10430,1,1,1,1,89694.0,51
6892,1,1,0,1,61671.0,56
10432,1,1,1,0,19346.0,50
1158,1,1,0,1,48877.0,58
10573,1,1,0,0,62551.0,71
6281,1,1,0,1,55686.0,58
709,1,1,0,1,51537.0,72
6168,1,1,1,1,45146.0,61
3578,1,1,0,1,49160.0,75
153,1,1,0,0,23272.0,71
6384,1,1,0,1,71022.0,46
9967,1,1,1,1,53034.0,50
10383,1,1,0,0,70287.0,58
347,1,1,0,1,40780.0,48
255,1,1,1,1,22263.0,73
9097,1,1,0,1,46086.0,68
965,1,1,0,1,55635.0,53
6885,1,1,1,0,32952.0,47
11100,1,1,1,1,51813.0,52
905,1,1,1,0,21846.0,38
10967,1,1,1,1,33378.0,61
10151,1,1,0,2,62204.0,64
7079,1,1,0,1,63887.0,62
5267,1,1,1,0,33986.0,54
8945,1,1,0,1,54137.0,54
10092,1,1,0,1,70044.0,70
3099,1,1,1,1,44267.0,54
1640,1,1,1,1,64587.0,70
8939,1,1,0,1,61250.0,65
7300,1,1,0,1,69142.0,72
6642,1,1,2,1,27215.0,63
2891,1,1,0,1,68118.0,61
5011,1,1,0,1,68118.0,61
6147,1,1,1,0,25818.0,53
5827,1,1,1,1,35246.0,66
6230,1,1,1,1,44421.0,53
2225,1,1,0,0,82582.0,47
4790,1,1,0,1,79803.0,66
5995,1,1,1,1,39552.0,62
2315,1,1,0,1,58401.0,64
1411,1,1,0,0,82623.0,72
10264,1,1,1,0,15287.0,45
234,1,1,1,0,15287.0,45
8477,1,1,2,1,26150.0,68
8727,1,1,0,1,63693.0,46
3056,1,1,0,1,63693.0,46
3712,1,1,0,0,52332.0,65
2656,1,1,1,1,40851.0,53
6862,1,1,0,0,1730.0,53
2589,1,1,1,0,26759.0,52
4640,1,1,0,1,70647.0,57
3696,1,1,1,1,30630.0,59
405,1,1,0,1,41638.0,60
5846,1,1,1,0,40246.0,47
4796,1,1,0,1,49638.0,72
10364,1,1,0,0,23295.0,65
2918,1,1,1,1,28510.0,43
7124,1,1,1,1,36997.0,56
6768,1,1,1,2,37859.0,62
6810,1,1,0,0,82025.0,41
6457,1,1,0,1,64892.0,48
2337,1,1,1,0,29819.0,53
4037,1,1,1,0,31859.0,48
10159,1,1,0,1,58710.0,54
3503,1,1,0,0,82460.0,74
5538,1,1,0,0,83829.0,49
3910,1,1,0,0,83829.0,49
8916,1,1,2,0,36627.0,49
375,1,1,0,0,76773.0,70
5252,1,1,1,0,23910.0,55
7441,1,1,1,0,71128.0,51
5555,1,1,0,0,153924.0,49
2002,1,1,0,0,71964.0,66
4910,1,1,0,0,68743.0,57
2125,1,1,0,0,63033.0,65
4432,1,1,1,0,31615.0,48
8405,1,1,1,1,68274.0,45
7386,1,1,1,0,30992.0,48
3006,1,1,1,0,30992.0,48
8663,1,1,1,1,39996.0,50
10032,1,1,1,0,12571.0,48
550,1,1,0,1,62335.0,72
4042,1,1,0,1,43300.0,53
6991,1,1,0,1,43185.0,73
3426,1,1,1,0,70300.0,49
4351,1,1,1,1,37244.0,69
7270,1,1,0,0,56981.0,43
4817,1,1,0,0,22304.0,68
5847,1,1,0,1,69901.0,55
2931,1,1,0,0,71847.0,46
5589,1,1,0,1,51983.0,60
5046,1,1,0,1,78331.0,66
8602,1,1,0,1,69932.0,60
5687,1,1,0,0,81702.0,44
9977,1,1,0,1,78901.0,51
22,1,1,1,0,46310.0,48
10175,2,1,0,1,32173.0,66
8890,2,1,1,1,65808.0,53
10356,2,1,1,1,41437.0,67
8275,2,1,1,1,47025.0,59
10949,2,1,0,0,72968.0,61
760,2,1,1,0,60554.0,49
7373,2,1,0,2,46610.0,72
10232,2,1,0,1,48799.0,61
10095,2,1,0,0,74165.0,49
2793,2,1,0,1,70179.0,48
1071,2,1,0,1,70179.0,48
252,2,1,0,0,41003.0,61
7494,2,1,1,1,42873.0,74
5093,2,1,1,0,25509.0,50
8524,2,1,1,0,25509.0,50
5329,2,1,1,1,35946.0,75
6299,2,1,0,1,42564.0,56
4472,2,1,1,0,35682.0,54
3924,2,1,0,1,57912.0,59
2426,2,1,0,0,78825.0,60
10757,2,1,1,0,28420.0,57
2055,2,1,1,1,35860.0,51
5107,2,1,1,1,35860.0,51
1626,2,1,1,1,35860.0,51
2131,2,1,0,1,62859.0,65
5835,2,1,1,0,14849.0,48
9750,2,1,0,1,64325.0,63
10010,2,1,1,1,36957.0,71
1184,2,1,0,2,69674.0,56
9665,2,1,0,1,54237.0,67
2968,2,1,0,0,48948.0,81
8800,2,1,0,0,48948.0,81
1829,2,1,0,1,54959.0,63
531,2,1,0,1,57333.0,70
5180,2,1,0,1,50616.0,56
9799,2,1,1,1,83664.0,56
4887,2,1,1,1,55412.0,48
5113,2,1,0,0,86979.0,53
3286,2,1,1,0,26642.0,57
1665,2,1,0,2,64140.0,60
6870,2,1,0,1,68805.0,65
5956,2,1,1,2,45072.0,76
1461,2,1,1,1,36921.0,59
9710,2,1,0,1,58086.0,55
6605,2,1,0,0,55614.0,80
8015,2,1,0,0,85696.0,62
1745,2,1,0,0,85696.0,62
3469,2,1,1,1,34487.0,47
3979,2,1,0,0,90687.0,41
7230,2,1,0,1,50611.0,64
5675,2,1,0,1,50611.0,64
10142,2,1,0,1,66476.0,48
5740,3,1,1,1,25959.0,54
5341,3,1,0,1,81975.0,62
10507,3,1,0,1,59601.0,47
10241,3,1,0,0,11448.0,49
796,3,1,0,1,60161.0,59
3619,3,1,0,0,87305.0,64
2874,3,1,1,0,35388.0,36
6357,3,1,0,1,59052.0,65
607,3,1,0,1,41769.0,69
2882,3,1,0,1,67893.0,49
4756,3,1,0,0,63998.0,72
8812,3,1,1,0,13533.0,45
5989,3,1,0,1,78353.0,65
2223,3,1,0,1,64176.0,59
10033,3,1,1,0,31163.0,51
5751,3,1,1,0,31163.0,51
8726,3,1,1,1,41713.0,60
4066,3,1,1,0,21282.0,46
3968,3,1,0,0,65706.0,54
2488,3,1,1,1,31395.0,68
1627,3,1,0,0,77297.0,67
9516,3,1,0,0,49118.0,53
10141,4,1,0,0,39228.0,64
4865,4,1,1,1,53367.0,50
3376,4,1,1,0,55282.0,54
2715,4,1,1,1,29435.0,58
1891,4,1,0,0,78789.0,44
5320,4,1,1,1,44051.0,51
6983,4,1,1,1,38054.0,74
968,4,1,1,0,41335.0,56
4096,4,1,1,0,41335.0,56
5684,4,1,1,1,44635.0,53
10524,4,1,0,1,49476.0,61
6864,4,1,0,0,10979.0,35
10617,4,1,0,0,10979.0,35
590,4,1,0,0,78579.0,54
437,4,1,0,0,75012.0,48
5552,4,1,1,1,48721.0,61
1544,4,1,0,0,81380.0,57
8180,4,1,1,1,59354.0,72
1907,4,1,0,1,63120.0,74
5154,4,1,1,0,37760.0,52
10420,4,1,0,1,46390.0,69
4697,4,1,0,0,35416.0,75
773,4,1,1,1,42835.0,53
4391,4,1,0,1,63841.0,56
6283,4,1,0,1,63841.0,56
3421,4,1,0,1,63841.0,56
675,4,1,1,1,52034.0,51
2544,4,1,0,1,57530.0,73
2565,4,1,0,0,70638.0,69
2886,4,1,0,1,74290.0,53
6349,4,1,0,0,61787.0,37
2948,4,1,0,1,62637.0,70
6634,4,1,1,0,33462.0,45
3136,4,1,0,1,59432.0,62
7419,4,1,1,0,27071.0,56
5954,4,1,1,0,42618.0,52
7527,4,1,1,0,23748.0,56
5342,5,1,1,0,9548.0,48
1,1,2,0,0,57091.0,63
5371,1,2,1,0,21474.0,35
10968,1,2,0,1,57731.0,55
9687,1,2,0,0,73170.0,49
5585,1,2,1,0,21359.0,52
3657,1,2,1,0,39146.0,38
8805,1,2,0,1,48904.0,64
1857,1,2,1,1,47139.0,72
3887,1,2,1,0,27242.0,54
4452,1,2,0,1,50388.0,67
10914,1,2,1,1,24163.0,54
850,1,2,0,1,70566.0,56
3025,1,2,0,1,49967.0,66
9256,1,2,0,1,58350.0,53
10641,1,2,1,1,7500.0,46
4320,1,2,0,1,60152.0,45
3005,1,2,0,0,83528.0,32
232,1,2,0,1,61559.0,59
1497,1,2,0,1,47958.0,72
940,1,2,1,0,57100.0,37
1463,1,2,1,1,45160.0,66
8897,1,2,1,1,42720.0,59
10150,1,2,0,0,86429.0,63
1388,1,2,1,0,33249.0,49
979,1,2,1,0,33249.0,49
3312,1,2,1,0,34176.0,36
9790,1,2,0,0,78499.0,67
5080,1,2,0,0,70515.0,31
8923,1,2,0,0,83917.0,51
7002,1,2,0,1,62535.0,69
4459,1,2,1,0,30279.0,35
10642,1,2,1,0,30279.0,35
9362,1,2,0,1,69263.0,59
10779,1,2,0,0,22148.0,41
10133,1,2,0,0,93790.0,54
8443,1,2,1,0,24762.0,52
6507,1,2,1,0,30828.0,44
9392,1,2,1,0,26954.0,53
7848,1,2,0,1,49166.0,50
3629,1,2,1,0,38557.0,46
9242,1,2,0,0,64509.0,34
5255,1,2,1,0,51373.0,38
2942,1,2,0,1,45906.0,60
9648,1,2,1,1,46904.0,57
4702,1,2,0,0,61839.0,60
195,1,2,1,0,38808.0,52
5872,1,2,0,1,60689.0,73
1726,1,2,0,0,22585.0,54
1839,1,2,0,0,43322.0,50
975,1,2,1,1,54252.0,68
1456,1,2,0,1,60474.0,45
2849,1,2,0,1,60474.0,45
1542,1,2,1,2,56243.0,49
1506,1,2,1,1,42160.0,49
1012,1,2,0,1,61823.0,72
8346,1,2,1,0,32233.0,50
2286,1,2,1,1,50785.0,62
10277,1,2,0,1,30081.0,63
4436,1,2,0,0,20180.0,48
2929,1,2,0,0,20180.0,48
4338,1,2,1,0,39062.0,41
498,1,2,1,0,30015.0,54
10736,1,2,0,1,72258.0,53
10971,1,2,2,0,37774.0,47
6679,1,2,0,0,33279.0,58
10619,1,2,0,0,95529.0,30
5121,1,2,0,1,56628.0,47
10548,1,2,0,0,71163.0,29
6859,1,2,1,0,29236.0,37
6798,1,2,1,1,37070.0,58
4168,1,2,1,1,37070.0,58
9478,1,2,1,0,66503.0,39
7437,1,2,1,0,27938.0,36
2379,1,2,0,0,69267.0,71
3262,1,2,0,0,68281.0,66
5025,1,2,1,0,48526.0,45
569,1,2,0,0,90273.0,33
948,1,2,1,0,10245.0,53
3517,1,2,1,1,40887.0,72
5544,1,2,0,1,67384.0,54
6887,1,2,1,1,79146.0,57
7500,1,2,1,1,79146.0,57
4216,1,2,0,0,91065.0,43
2281,1,2,1,0,33697.0,54
4426,1,2,1,1,55801.0,49
3834,1,2,0,1,69627.0,62
942,1,2,1,0,39660.0,42
9617,1,2,0,0,15033.0,73
11071,1,2,0,0,79607.0,40
2174,1,2,1,1,46344.0,70
49,1,2,1,0,20587.0,54
4973,1,2,1,0,20587.0,54
4201,1,2,0,1,57967.0,62
6246,1,2,0,0,73892.0,71
10525,1,2,1,0,26576.0,38
7503,1,2,0,0,75825.0,48
1867,1,2,0,0,64849.0,67
1717,1,2,1,0,39747.0,36
10381,1,2,0,1,47691.0,45
9145,1,2,0,1,72504.0,52
10176,1,2,0,1,57107.0,56
3507,1,2,1,0,76467.0,54
9235,1,2,1,1,51373.0,67
2639,1,2,1,1,43602.0,58
6201,1,2,1,1,38643.0,46
7397,1,2,0,1,49090.0,73
7119,1,2,0,0,68627.0,42
1245,1,2,0,1,63810.0,58
2561,1,2,0,1,63810.0,58
10888,1,2,0,0,45938.0,63
6637,1,2,0,0,66951.0,36
7453,1,2,0,1,36130.0,70
286,1,2,1,1,44213.0,72
7966,1,2,1,1,80982.0,65
8395,1,2,0,0,82014.0,63
5294,1,2,1,0,18358.0,35
9283,1,2,1,2,60199.0,46
3479,1,2,0,0,16813.0,74
1406,1,2,1,1,53201.0,49
5636,1,2,0,0,30983.0,61
8080,1,2,0,0,26816.0,38
9467,1,2,1,0,34738.0,40
6673,1,2,0,0,23478.0,59
1710,1,2,1,0,30168.0,46
2698,1,2,0,1,47025.0,48
6340,1,2,1,0,29938.0,39
4188,1,2,0,1,36864.0,67
7297,1,2,1,0,7500.0,51
3706,1,2,1,0,28647.0,46
7842,1,2,1,1,36065.0,56
1331,1,2,1,0,35790.0,47
2781,1,2,0,0,72066.0,43
9739,1,2,0,1,34377.0,61
10448,1,2,0,1,46998.0,68
9964,1,2,0,1,61825.0,45
1630,1,2,0,1,61825.0,45
10156,1,2,0,1,84196.0,49
11110,1,2,1,0,3502.0,51
3445,1,2,0,0,60714.0,68
5147,1,2,0,0,90842.0,76
8557,1,2,1,0,51373.0,42
8724,1,2,1,0,28567.0,42
9081,1,2,1,0,20518.0,36
5136,1,2,0,1,65333.0,51
9220,1,2,0,0,91700.0,53
5524,1,2,0,0,58138.0,67
3673,1,2,0,1,55239.0,53
3434,1,2,0,0,80872.0,73
10424,1,2,0,0,75922.0,56
2109,1,2,0,0,96843.0,34
9353,1,2,0,1,62450.0,65
2678,1,2,1,0,34412.0,34
10749,1,2,0,0,8028.0,33
2730,1,2,0,0,80317.0,69
6097,1,2,1,1,50664.0,65
5393,1,2,1,0,23763.0,47
8315,1,2,0,0,34824.0,29
5184,1,2,0,0,34824.0,29
2004,1,2,0,1,72679.0,55
4706,1,2,0,1,34704.0,58
9503,1,2,0,0,28071.0,44
10704,1,2,0,1,54803.0,55
2669,1,2,0,0,74293.0,31
10037,1,2,0,0,74293.0,31
4548,1,2,1,1,41967.0,43
4860,1,2,1,0,24206.0,54
2863,1,2,1,2,51373.0,54
4483,1,2,0,0,72354.0,31
7462,1,2,0,0,22507.0,70
10702,1,2,1,0,52413.0,40
4138,1,2,0,1,76624.0,62
3535,1,2,0,0,66294.0,59
3409,1,2,1,0,36108.0,40
7290,1,2,0,0,70596.0,39
8895,1,2,0,0,70596.0,39
2410,1,2,0,0,81657.0,55
7215,1,2,0,0,101970.0,41
7646,1,2,1,0,64449.0,35
10057,1,2,0,0,72282.0,73
4442,1,2,0,1,46524.0,63
7005,1,2,0,0,58684.0,43
2276,1,2,0,1,57959.0,69
798,1,2,1,0,23442.0,37
1371,1,2,0,0,79941.0,48
5010,1,2,1,0,25008.0,36
6945,1,2,0,0,84574.0,72
143,1,2,0,0,61209.0,54
2853,1,2,1,0,51766.0,44
2894,1,2,0,0,72903.0,39
10164,1,2,0,1,94472.0,66
9937,1,2,0,0,70337.0,45
274,1,2,1,1,34853.0,51
10735,1,2,1,0,22804.0,53
5068,1,2,1,0,22804.0,53
3179,1,2,0,0,81741.0,44
1362,1,2,0,0,31907.0,52
5063,1,2,1,0,28769.0,47
641,1,2,0,1,52074.0,57
6071,1,2,0,0,81217.0,35
295,1,2,0,0,81217.0,35
10203,1,2,1,0,26095.0,34
538,1,2,1,0,46107.0,35
10157,1,2,0,1,59686.0,59
10091,1,2,0,1,60230.0,68
2607,1,2,0,1,40464.0,71
6749,1,2,1,1,86358.0,58
5474,1,2,1,0,43020.0,54
2895,1,2,0,1,49980.0,61
7972,1,2,0,0,72906.0,69
2861,1,2,1,0,24072.0,41
9120,1,2,0,1,66565.0,62
5959,1,2,1,1,35893.0,56
1998,1,2,1,0,37697.0,48
1250,1,2,1,0,37697.0,48
7004,1,2,1,0,11012.0,40
3722,1,2,1,1,44503.0,52
7617,1,2,1,1,42373.0,50
6376,1,2,1,0,57537.0,45
3138,1,2,0,0,91249.0,68
6963,1,2,0,0,77457.0,77
1065,1,2,0,0,80695.0,61
1137,1,2,0,0,81246.0,60
606,1,2,1,1,25930.0,57
4507,1,2,0,0,72228.0,72
3332,1,2,1,0,29760.0,39
7433,1,2,1,0,29760.0,39
7892,1,2,0,0,18589.0,55
3104,1,2,0,0,82332.0,63
7422,1,2,1,0,46923.0,37
451,1,2,1,0,9255.0,35
4508,1,2,0,0,75127.0,72
4843,1,2,0,0,75127.0,72
1764,1,2,1,0,33955.0,49
6941,1,2,0,0,31632.0,53
1517,1,2,1,0,30822.0,55
5631,1,2,0,0,49767.0,33
11074,1,2,0,0,85072.0,47
3515,1,2,0,1,62307.0,72
2292,1,2,1,0,22327.0,39
8560,1,2,0,0,48789.0,32
2134,1,2,0,1,53700.0,72
3117,1,2,0,1,51373.0,69
2661,1,2,1,1,18701.0,60
3130,1,2,1,1,18701.0,60
999,1,2,0,0,86037.0,33
10172,1,2,0,0,68655.0,36
6729,1,2,0,0,68655.0,36
5948,1,2,0,1,57338.0,49
7244,1,2,2,1,51373.0,73
3406,1,2,0,1,45989.0,60
4974,1,2,1,2,83273.0,54
1743,1,2,0,0,69719.0,50
7348,2,2,0,0,71691.0,66
7962,2,2,0,0,95169.0,37
3725,2,2,0,0,84865.0,63
4867,2,2,1,1,38236.0,56
1519,2,2,1,1,38578.0,52
9080,2,2,1,1,38578.0,52
4827,2,2,0,1,54998.0,68
6715,2,2,0,1,60200.0,76
1041,2,2,0,1,48432.0,51
830,2,2,0,0,74004.0,37
9930,2,2,0,0,82716.0,80
5682,2,2,0,1,64108.0,71
263,2,2,0,0,45576.0,79
4619,2,2,0,0,113734.0,79
2552,2,2,1,2,55521.0,69
7573,2,2,1,0,31626.0,46
5626,2,2,0,0,61798.0,60
9493,2,2,0,0,76412.0,44
9596,2,2,0,0,65295.0,44
3645,2,2,1,0,27213.0,52
1381,2,2,1,0,38513.0,42
2811,2,2,1,1,48918.0,61
9150,2,2,1,1,48918.0,61
7786,2,2,1,0,29999.0,38
10560,2,2,1,0,36802.0,44
1162,2,2,0,0,42000.0,37
10643,2,2,0,0,42000.0,37
2114,2,2,0,0,82800.0,78
4261,2,2,0,0,82800.0,78
4286,2,2,0,1,57642.0,54
3153,2,2,2,1,40737.0,67
9855,2,2,0,1,62000.0,72
10163,2,2,0,0,82733.0,40
7922,2,2,0,1,64950.0,73
3762,2,2,0,0,69867.0,38
9449,2,2,0,1,79761.0,66
2868,2,2,1,1,26518.0,75
5304,2,2,1,0,30899.0,50
3584,2,2,0,0,49667.0,69
9185,2,2,0,0,69759.0,58
5036,2,2,1,0,42710.0,40
6197,2,2,1,1,27238.0,62
7431,2,2,0,0,68126.0,33
3710,2,2,1,0,39684.0,40
1016,2,2,0,1,34554.0,65
663,2,2,0,0,33996.0,35
8299,2,2,0,0,33996.0,35
2937,2,2,0,1,68352.0,50
7679,2,2,0,0,30298.0,39
8143,2,2,0,0,37929.0,39
6119,2,2,1,1,36736.0,61
5048,2,2,2,0,42767.0,53
1131,2,2,0,1,52569.0,57
448,2,2,1,0,54880.0,46
9365,2,2,0,1,60000.0,48
1165,2,2,1,1,50729.0,66
5823,2,2,0,1,32303.0,54
2928,2,2,0,1,52614.0,49
2920,2,2,0,1,52614.0,49
1072,2,2,0,1,40760.0,59
916,2,2,1,1,41644.0,52
7712,2,2,0,0,62159.0,78
3635,2,2,0,1,52597.0,62
269,2,2,0,1,46757.0,61
5283,2,2,1,1,42473.0,48
1030,2,2,1,1,40637.0,59
9240,2,2,0,1,60504.0,53
4278,2,2,0,0,87188.0,41
4637,2,2,0,0,74637.0,70
10299,2,2,0,0,48240.0,55
1990,2,2,0,0,63159.0,50
11010,2,2,1,0,16269.0,40
7053,2,2,0,0,78420.0,58
4058,2,2,0,0,61284.0,69
8414,2,2,0,1,33419.0,62
10022,2,2,1,1,54466.0,51
146,2,2,0,0,76045.0,64
5237,2,2,1,2,48767.0,74
7281,2,2,0,0,51373.0,65
3182,2,2,1,1,46854.0,51
73,2,2,1,2,51411.0,71
9224,2,2,0,1,55260.0,52
5975,2,2,1,0,40304.0,57
4385,2,2,1,0,36038.0,43
1612,2,2,1,0,51373.0,43
2416,2,2,0,0,66582.0,55
3194,2,2,0,0,71466.0,50
6940,2,2,1,2,46734.0,58
7023,2,2,2,1,46231.0,71
5558,2,2,0,0,90933.0,70
1833,2,2,1,0,39190.0,50
7128,2,2,1,1,42997.0,47
6237,2,2,0,2,7144.0,58
6663,2,2,0,0,51141.0,84
9826,2,2,0,0,86857.0,52
5830,2,2,0,0,86857.0,52
213,2,2,1,1,23091.0,61
9706,2,2,1,0,31560.0,50
1473,3,2,0,1,47823.0,64
1524,3,2,0,0,81698.0,41
7264,3,2,2,1,52195.0,46
3878,3,2,1,0,31859.0,44
9612,3,2,0,0,23830.0,37
2546,3,2,0,1,31878.0,47
7000,3,2,0,0,65704.0,52
9369,3,2,0,1,88194.0,45
4376,3,2,0,0,32218.0,64
10343,3,2,0,0,61618.0,33
4656,3,2,1,0,51250.0,34
2625,3,2,0,1,42607.0,70
5289,3,2,1,1,41658.0,49
738,3,2,1,1,42395.0,43
2499,3,2,0,1,75342.0,66
8181,3,2,1,0,38593.0,46
10856,3,2,0,1,45889.0,44
3661,3,2,0,0,80617.0,29
4947,3,2,0,0,89572.0,58
4345,3,2,1,1,51373.0,60
10708,3,2,1,0,36975.0,46
8957,3,2,1,1,64831.0,72
3139,3,2,0,0,74116.0,42
4427,3,2,0,0,83257.0,29
8418,3,2,1,1,38741.0,66
4120,3,2,1,0,49514.0,49
9305,3,2,0,0,79689.0,48
10245,3,2,0,0,80910.0,38
9400,3,2,0,0,85485.0,66
176,3,2,0,1,67506.0,44
7301,3,2,1,0,23616.0,42
6437,3,2,1,0,41473.0,39
10398,3,2,1,0,24336.0,43
2278,3,2,1,0,33812.0,39
4279,3,2,1,1,39548.0,61
9771,3,2,1,0,23331.0,36
2795,4,2,2,1,30523.0,66
115,4,2,0,1,43456.0,58
5985,4,2,0,1,33168.0,59
4246,4,2,0,0,6560.0,42
8920,4,2,1,0,59235.0,57
624,4,2,0,0,18890.0,40
67,4,2,1,1,46423.0,52
9923,4,2,1,1,46423.0,52
2930,4,2,0,0,68092.0,46
10855,4,2,1,0,50014.0,56
3524,4,2,1,0,39763.0,53
2634,4,2,1,0,16653.0,45
1446,4,2,0,0,86424.0,68
6853,4,2,0,0,75777.0,42
7366,4,2,0,0,75777.0,42
6205,4,2,1,0,32557.0,57
5726,4,2,1,0,31788.0,41
7141,4,2,1,0,21888.0,38
6072,4,2,0,0,75345.0,54
6471,4,2,1,0,36230.0,53
4248,4,2,0,0,98777.0,64
7451,4,2,0,0,98777.0,64
8029,4,2,0,0,90247.0,36
5735,4,2,0,0,90638.0,33
5350,4,2,0,0,90638.0,33
7488,4,2,0,1,64191.0,61
2724,4,2,1,0,36143.0,43
199,4,2,0,0,45183.0,62
7275,4,2,1,1,33316.0,53
8334,4,2,1,1,33316.0,53
4418,4,2,0,0,89616.0,41
6320,4,2,0,0,70893.0,48
10509,4,2,1,1,36927.0,69
6141,4,2,1,0,49494.0,52
821,4,2,0,0,92859.0,32
6248,4,2,0,0,91712.0,77
203,4,2,0,0,81169.0,49
1272,4,2,0,1,55250.0,59
2557,4,2,1,0,29548.0,54
2980,4,2,1,1,8820.0,72
4994,4,2,0,0,77598.0,81
10738,4,2,1,1,49389.0,73
10913,4,2,1,0,31385.0,40
10236,4,2,1,0,31160.0,49
5935,4,2,0,1,55284.0,68
3919,4,2,0,0,72309.0,48
304,4,2,1,0,22944.0,43
4487,4,2,1,0,39858.0,55
5286,4,2,0,0,41020.0,37
11178,4,2,1,0,42394.0,52
9817,4,2,0,0,44802.0,54
7930,4,2,0,0,26877.0,55
6461,4,2,0,1,62772.0,55
1834,4,2,1,0,35544.0,46
9426,4,2,0,1,58308.0,60
8427,4,2,0,0,64857.0,68
217,4,2,0,0,64857.0,68
2461,4,2,1,1,51124.0,69
2674,4,2,0,1,75154.0,66
2952,4,2,1,0,36273.0,47
4259,4,2,2,0,19485.0,38
6257,4,2,0,1,60482.0,48
9988,4,2,0,1,70379.0,48
6710,4,2,2,1,58217.0,73
10703,4,2,1,1,46098.0,49
9,4,2,1,1,46098.0,49
2804,4,2,1,1,46098.0,49
10379,4,2,0,2,59247.0,62
6262,4,2,0,0,72217.0,62
7476,4,2,0,1,63972.0,60
4501,4,2,0,0,69882.0,59
8953,4,2,2,1,35791.0,59
10258,4,2,2,1,35791.0,59
3520,4,2,0,0,91172.0,34
2532,4,2,0,0,73454.0,37
7600,5,2,1,0,15253.0,32
11086,5,2,1,0,25707.0,40
11187,5,2,1,0,26487.0,46
10395,5,2,1,0,8940.0,38
6347,5,2,1,0,15862.0,45
1987,5,2,1,0,21063.0,37
4055,5,2,1,0,18746.0,32
5394,5,2,1,1,16014.0,45
8977,5,2,0,0,16581.0,39
9960,5,2,1,0,26868.0,33
5181,5,2,1,0,24367.0,42
4136,5,2,1,0,7500.0,32
5150,5,2,1,0,20194.0,45
1744,5,2,0,1,23529.0,59
7620,5,2,1,0,16185.0,34
3839,5,2,1,1,15056.0,66
8700,5,2,0,0,14906.0,38
3628,5,2,1,0,15038.0,37
10476,1,3,0,1,67267.0,66
2964,1,3,0,0,26872.0,43
10311,1,3,0,1,4428.0,55
837,1,3,1,1,54809.0,47
10521,1,3,1,1,54809.0,47
9264,1,3,0,0,79529.0,38
3068,1,3,0,0,18351.0,34
3767,1,3,0,1,61314.0,56
3158,1,3,1,0,32300.0,51
1619,1,3,0,0,90369.0,68
10286,1,3,0,0,83715.0,62
1992,1,3,0,1,60597.0,60
7022,1,3,1,0,76445.0,53
7990,1,3,0,0,27469.0,77
4098,1,3,1,1,24639.0,51
3896,1,3,1,0,27255.0,40
10582,1,3,0,1,72063.0,45
8601,1,3,0,1,80011.0,44
10676,1,3,0,0,63211.0,42
1349,1,3,2,0,50447.0,54
2534,1,3,0,1,37716.0,71
3799,1,3,0,1,67225.0,69
1945,1,3,0,1,71434.0,62
7685,1,3,1,0,33039.0,46
6310,1,3,1,0,33039.0,46
2404,1,3,1,1,53359.0,48
7233,1,3,0,0,69209.0,52
6770,1,3,1,0,21355.0,39
2261,1,3,1,0,26304.0,55
6343,1,3,0,1,79823.0,65
944,1,3,0,1,56181.0,62
2870,1,3,0,1,49094.0,51
1212,1,3,1,0,52845.0,51
2541,1,3,1,0,24027.0,48
4290,1,3,1,0,30467.0,52
7284,1,3,1,2,48686.0,71
9529,1,3,0,0,73687.0,34
10669,1,3,0,1,54386.0,43
9723,1,3,0,1,67716.0,64
5621,1,3,1,1,48752.0,55
5331,1,3,0,0,74985.0,47
10084,1,3,2,0,24434.0,52
10909,1,3,0,0,92344.0,76
466,1,3,0,0,65275.0,80
11025,1,3,1,1,36443.0,63
25,1,3,0,1,65148.0,66
8159,1,3,1,1,51287.0,56
9597,1,3,0,0,73448.0,55
8026,1,3,0,1,62998.0,72
2632,1,3,1,1,50501.0,70
2407,1,3,0,0,69109.0,42
9064,1,3,0,0,69109.0,42
1994,1,3,1,0,51373.0,41
967,1,3,1,1,46049.0,48
5892,1,3,1,0,34968.0,44
4808,1,3,0,0,15759.0,68
9303,1,3,0,1,5305.0,48
8707,1,3,0,0,79456.0,68
9727,1,3,0,0,23539.0,67
3050,1,3,1,1,54198.0,58
291,1,3,0,0,72940.0,54
1577,1,3,0,0,78569.0,78
5029,1,3,0,0,18100.0,78
6982,1,3,0,0,74068.0,48
7042,1,3,0,0,36790.0,41
9668,1,3,1,0,18793.0,53
4099,1,3,1,0,30675.0,52
7533,1,3,1,1,49096.0,60
2253,1,3,0,0,18929.0,34
2326,1,3,0,0,18929.0,34
1876,1,3,0,0,18929.0,34
9289,1,3,1,0,36781.0,45
247,1,3,1,0,36715.0,53
9530,1,3,1,0,24645.0,36
9653,1,3,0,1,35797.0,49
10785,1,3,1,1,44078.0,55
5718,1,3,0,0,80763.0,74
1092,1,3,0,1,61014.0,44
1581,1,3,1,0,37406.0,44
9507,1,3,0,1,40794.0,49
11056,1,3,0,0,72099.0,50
7414,1,3,1,1,43824.0,53
6355,1,3,1,1,44359.0,46
7959,1,3,0,0,79410.0,63
8416,1,3,1,0,29009.0,43
2162,1,3,0,1,56939.0,48
10595,1,3,0,0,30093.0,34
4415,1,3,1,1,16860.0,63
4692,1,3,1,0,7500.0,48
10951,1,3,0,1,45688.0,56
3667,1,3,0,0,80952.0,55
6422,1,3,0,0,86718.0,70
2408,1,3,1,1,58597.0,48
10127,1,3,0,1,58692.0,59
5493,1,3,1,1,39356.0,48
10099,1,3,1,0,55434.0,40
6721,1,3,0,1,71965.0,73
6233,1,3,0,1,65991.0,48
1740,1,3,0,0,55956.0,80
2371,1,3,1,1,33622.0,52
5232,1,3,0,1,69139.0,59
3011,1,3,0,1,69139.0,59
5758,1,3,0,0,65169.0,42
10711,1,3,0,0,69755.0,79
2428,1,3,1,0,28164.0,54
1802,1,3,0,1,64795.0,53
3436,1,3,1,0,14045.0,55
7224,1,3,1,1,31353.0,47
6215,1,3,1,1,31353.0,47
2807,1,3,0,1,56796.0,55
1052,1,3,0,1,56796.0,55
793,1,3,1,0,20895.0,51
1523,1,3,1,1,59041.0,51
2829,1,3,0,1,65210.0,69
1592,1,3,0,0,90765.0,54
4310,1,3,0,0,80589.0,80
5909,1,3,0,1,58512.0,60
6961,1,3,2,0,26751.0,50
10196,1,3,2,0,71427.0,46
1940,1,3,1,0,25252.0,38
9422,1,3,1,0,38360.0,35
6818,1,3,0,1,44989.0,50
7807,1,3,0,1,44989.0,50
7532,1,3,0,1,43586.0,44
10981,1,3,0,0,84219.0,36
486,1,3,0,0,84219.0,36
6694,1,3,0,1,75236.0,60
6652,1,3,0,0,77343.0,59
8746,1,3,1,0,75433.0,35
4444,1,3,1,0,30023.0,52
8230,1,3,1,0,33228.0,44
2826,1,3,2,1,22574.0,57
6222,1,3,2,1,22574.0,57
7352,1,3,0,1,55267.0,67
626,1,3,1,1,32871.0,73
9973,1,3,0,2,50437.0,61
5961,1,3,1,0,42693.0,46
6312,1,3,0,1,65031.0,65
10061,1,3,0,1,59462.0,74
4023,1,3,1,0,22979.0,54
10699,1,3,1,0,44322.0,39
7516,1,3,1,0,30096.0,41
3129,1,3,1,0,30096.0,41
1676,1,3,0,1,43057.0,49
938,1,3,1,1,40211.0,43
8314,1,3,0,0,79908.0,42
10602,1,3,1,0,39922.0,41
3220,1,3,1,0,39922.0,41
5424,1,3,1,0,39922.0,41
477,1,3,0,0,83512.0,38
4377,1,3,0,1,52914.0,53
6497,1,3,0,1,51651.0,64
4543,1,3,0,0,82497.0,44
2612,1,3,0,0,75794.0,37
113,1,3,1,1,30833.0,73
5654,1,3,2,1,36026.0,52
9216,1,3,1,1,35788.0,53
8086,1,3,1,1,42243.0,65
2797,1,3,0,1,72117.0,47
3934,1,3,0,1,61286.0,58
2493,1,3,0,1,61286.0,58
8908,1,3,0,0,87195.0,65
3334,1,3,0,0,94642.0,73
10489,1,3,0,0,92955.0,51
35,1,3,1,0,25545.0,37
907,1,3,0,1,46149.0,49
3265,1,3,0,0,35701.0,65
7736,1,3,1,0,22518.0,38
9949,1,3,0,2,59809.0,48
11075,1,3,1,1,51267.0,46
4552,1,3,0,0,51373.0,33
6439,1,3,0,1,61074.0,66
9797,1,3,0,1,58116.0,68
3197,1,3,0,1,77353.0,44
326,1,3,1,1,51148.0,51
2569,1,3,0,0,17323.0,37
2471,1,3,0,0,61482.0,59
8523,1,3,1,0,19329.0,56
898,1,3,1,0,23477.0,38
6103,1,3,0,0,42192.0,76
8147,1,3,1,1,31454.0,64
2176,1,3,1,0,80134.0,52
9121,1,3,1,0,80134.0,52
178,1,3,0,1,62503.0,68
2308,1,3,0,1,46734.0,70
8783,1,3,0,1,57045.0,74
4643,1,3,1,0,27803.0,51
10581,1,3,1,0,41124.0,47
9360,1,3,0,0,37040.0,42
1340,1,3,0,0,92910.0,38
5376,1,3,1,0,2447.0,45
4324,1,3,1,0,42387.0,35
1143,1,3,1,0,22063.0,52
2694,1,3,0,1,42664.0,57
2181,1,3,0,0,70617.0,54
1170,1,3,1,0,27573.0,49
4690,1,3,0,1,50725.0,71
10821,1,3,1,1,57113.0,46
3518,1,3,1,0,25271.0,41
7629,1,3,1,1,22108.0,47
7875,1,3,0,0,72025.0,75
2815,1,3,1,0,33183.0,49
4580,1,3,0,0,75759.0,55
10870,1,3,0,1,61223.0,57
6295,1,3,0,1,54233.0,47
1225,1,3,0,0,80124.0,61
7059,1,3,0,0,80124.0,61
5633,1,3,1,1,50183.0,44
843,1,3,1,0,64722.0,53
9671,1,3,1,1,19514.0,56
8975,1,3,1,1,19514.0,56
2021,1,3,0,1,61456.0,49
10837,1,3,1,0,23957.0,49
7011,1,3,1,0,33471.0,51
2478,1,3,1,0,25410.0,51
1160,1,3,1,1,13260.0,54
9214,1,3,0,0,42691.0,33
6318,1,3,0,0,68487.0,36
5396,1,3,0,0,68487.0,36
810,1,3,0,1,74190.0,49
1321,1,3,1,0,26067.0,50
5868,1,3,1,0,19107.0,44
7214,1,3,0,0,62187.0,67
4268,1,3,0,1,53154.0,65
1176,1,3,1,0,26228.0,51
6200,1,3,0,1,75903.0,73
9904,1,3,0,1,71391.0,68
10882,1,3,0,1,53858.0,48
8091,1,3,0,1,63943.0,68
10556,1,3,0,1,54984.0,65
11039,1,3,0,1,51948.0,49
78,1,3,1,0,25293.0,55
5517,1,3,1,0,25293.0,55
8534,1,3,0,2,67433.0,72
9308,1,3,0,0,62820.0,70
544,1,3,0,0,62820.0,70
523,1,3,1,0,37155.0,35
9736,1,3,1,1,41850.0,44
7540,1,3,0,1,50300.0,72
1399,1,3,0,0,72905.0,66
2958,1,3,2,0,28442.0,46
4954,1,3,1,1,48195.0,68
3598,1,3,0,1,62710.0,52
3900,1,3,0,1,65685.0,52
9958,1,3,0,1,65685.0,52
3308,1,3,1,1,35704.0,72
10486,1,3,0,0,77142.0,76
194,1,3,1,1,48006.0,59
10833,1,3,0,1,65106.0,49
6336,1,3,1,1,29315.0,64
2075,1,3,0,0,72460.0,55
5012,1,3,1,0,28691.0,35
6918,1,3,1,0,28691.0,35
332,1,3,0,1,47743.0,67
10319,1,3,0,1,66303.0,53
2683,1,3,0,2,52413.0,55
3340,1,3,1,0,42014.0,47
8685,1,3,1,0,42014.0,47
9166,1,3,0,1,63967.0,56
9381,1,3,1,1,66373.0,46
9384,1,3,1,1,66373.0,46
1050,1,3,0,0,28332.0,72
701,1,3,0,1,73691.0,53
2392,1,3,1,1,40321.0,52
1920,1,3,1,1,40321.0,52
8969,1,3,0,1,71855.0,47
10701,1,3,0,0,65308.0,51
2061,1,3,0,1,50737.0,69
640,1,3,0,1,57304.0,73
3828,1,3,0,1,71107.0,73
8624,1,3,0,0,81320.0,66
368,1,3,0,1,40049.0,50
3599,1,3,0,1,63684.0,54
3389,1,3,0,1,69016.0,54
10710,1,3,0,1,7500.0,45
7118,1,3,0,1,73803.0,67
6086,1,3,0,0,80395.0,69
5790,1,3,1,0,31158.0,39
236,1,3,1,1,34838.0,73
6001,1,3,0,1,56775.0,45
6661,1,3,0,1,67445.0,50
5462,1,3,0,1,67445.0,50
10897,1,3,0,1,67445.0,50
5125,1,3,0,0,79530.0,64
3439,1,3,1,1,56721.0,52
9014,1,3,1,1,37085.0,49
3254,1,3,1,0,70886.0,53
8553,1,3,1,1,44300.0,59
4437,1,3,1,1,65316.0,62
0,1,3,0,0,70951.0,39
425,1,3,2,0,55357.0,39
9500,1,3,0,1,58113.0,65
10413,1,3,0,0,72570.0,40
5837,1,3,1,1,51479.0,57
3422,1,3,0,1,76068.0,49
4864,1,3,1,0,34380.0,47
8387,1,3,0,1,43140.0,67
378,1,3,0,0,52531.0,53
2437,1,3,0,0,51373.0,35
7912,1,3,1,0,38136.0,46
7072,1,3,0,1,67432.0,51
10313,1,3,1,1,48178.0,49
8504,1,3,0,0,79593.0,51
1020,1,3,0,0,79593.0,51
3717,1,3,0,1,61180.0,65
5796,1,3,0,0,77437.0,61
8625,1,3,1,0,17649.0,48
2431,1,3,0,0,18222.0,34
246,1,3,1,1,66480.0,59
3386,1,3,0,0,34935.0,32
8175,1,3,0,0,34935.0,32
4368,1,3,1,0,47850.0,44
9167,1,3,0,1,67131.0,68
4252,1,3,0,1,44375.0,59
10770,1,3,0,0,65492.0,65
8690,1,3,0,0,86111.0,62
1928,1,3,1,0,31814.0,51
4943,1,3,0,0,70503.0,71
4122,1,3,0,0,79205.0,49
9543,1,3,1,0,19986.0,39
7093,1,3,1,0,19986.0,39
9460,1,3,0,0,22419.0,61
3855,1,3,0,0,22419.0,61
9265,1,3,0,1,75027.0,71
9292,1,3,0,0,81795.0,72
6218,1,3,0,1,59594.0,59
9974,1,3,1,0,30631.0,50
8082,1,3,1,0,25721.0,53
3483,1,3,0,0,48192.0,66
2258,1,3,1,0,32880.0,38
11121,1,3,1,0,19419.0,43
5287,1,3,1,0,34961.0,51
10584,1,3,0,1,65665.0,48
10637,1,3,1,2,40800.0,60
10826,1,3,0,0,18690.0,65
4086,1,3,0,0,18690.0,65
10304,1,3,0,0,18690.0,65
11092,1,3,1,1,27116.0,63
6460,1,3,1,0,28718.0,42
5883,1,3,1,0,77981.0,52
1584,1,3,1,0,41443.0,47
10936,1,3,0,0,72190.0,59
4240,1,3,1,0,17345.0,46
9481,1,3,1,0,17148.0,48
3798,1,3,1,1,41120.0,56
4095,1,3,1,0,37150.0,53
8852,1,3,0,1,61064.0,48
7732,1,3,1,0,64813.0,46
6261,1,3,0,1,58025.0,45
520,1,3,1,0,34421.0,50
8372,1,3,1,0,34421.0,50
11166,1,3,0,1,49678.0,63
8397,1,3,1,1,44689.0,73
983,1,3,1,0,40059.0,40
9938,1,3,0,0,80067.0,70
5079,1,3,1,1,51373.0,53
6742,1,3,1,0,17688.0,45
5278,1,3,0,0,82224.0,60
5185,1,3,0,0,74268.0,69
988,1,3,0,0,81168.0,59
4832,1,3,1,0,27244.0,45
9349,1,3,0,0,92533.0,39
1490,1,3,0,1,55759.0,62
2712,1,3,0,1,71866.0,68
9743,1,3,0,1,76998.0,69
7937,1,3,0,0,24711.0,42
9697,1,3,0,2,53790.0,73
8079,1,3,1,0,22448.0,42
2005,1,3,1,0,35765.0,34
10466,1,3,1,1,44393.0,59
2961,1,3,1,0,42081.0,42
4478,1,3,1,1,63777.0,45
2350,1,3,1,1,59666.0,52
7274,1,3,0,0,78618.0,67
10323,1,3,0,1,49413.0,72
4682,1,3,0,0,51876.0,66
3083,1,3,1,1,45837.0,50
2736,1,3,0,1,73807.0,46
2986,1,3,1,1,30772.0,48
4990,1,3,0,0,59111.0,70
221,1,3,0,1,48726.0,69
4148,1,3,1,2,38988.0,52
8182,1,3,1,0,23228.0,40
10394,1,3,0,0,90000.0,40
10307,1,3,0,2,50387.0,68
6619,1,3,1,1,38415.0,46
9197,1,3,0,1,39722.0,71
961,1,3,0,1,74716.0,52
5562,1,3,0,1,60093.0,50
9451,1,3,0,1,73538.0,59
7396,1,3,0,0,80398.0,58
6730,1,3,1,1,38998.0,70
9916,1,3,1,1,38998.0,70
4094,1,3,1,1,60544.0,63
8588,1,3,1,1,60544.0,63
2875,1,3,0,0,67023.0,46
2008,1,3,0,0,77583.0,46
10925,1,3,0,0,76630.0,41
5389,1,3,0,2,48920.0,60
1324,1,3,1,0,38872.0,36
3641,1,3,1,0,13624.0,48
175,1,3,1,0,71952.0,38
6988,1,3,1,0,71952.0,38
5221,1,3,0,1,52852.0,67
5831,1,3,0,1,77870.0,57
10402,1,3,1,1,35441.0,57
9553,1,3,0,0,7500.0,37
6055,1,3,0,0,71626.0,45
4786,1,3,1,1,75330.0,47
2579,1,3,0,1,71113.0,67
5268,1,3,1,1,29440.0,64
1545,1,3,1,0,38508.0,38
2254,1,3,0,0,69520.0,41
5863,1,3,0,1,47703.0,71
574,1,3,0,0,42523.0,60
3266,1,3,0,0,42523.0,60
10500,1,3,1,0,31761.0,40
7987,1,3,0,1,65747.0,55
1295,1,3,0,1,51373.0,61
10262,1,3,2,0,15072.0,44
5748,1,3,0,1,59754.0,59
3231,1,3,1,0,37971.0,51
7181,1,3,0,1,30368.0,47
9499,1,3,1,2,93404.0,70
6568,1,3,1,0,38680.0,40
3032,1,3,1,0,24570.0,40
966,1,3,0,1,44529.0,58
9645,1,3,0,0,64590.0,56
3846,1,3,0,1,42557.0,50
868,1,3,0,1,44794.0,58
7212,1,3,0,1,44794.0,58
7947,1,3,1,1,42231.0,55
528,1,3,0,0,65819.0,46
4047,2,3,0,1,65324.0,70
9477,2,3,0,1,65324.0,70
4065,2,3,1,0,49544.0,48
5794,2,3,0,1,46374.0,50
7030,2,3,0,1,66465.0,69
1772,2,3,0,0,79174.0,49
4002,2,3,0,1,77037.0,64
8278,2,3,0,0,74214.0,34
8996,2,3,2,1,51373.0,67
10673,2,3,0,1,68397.0,48
8799,2,3,1,0,38175.0,40
6184,2,3,0,0,68462.0,55
3498,2,3,0,1,55424.0,48
7872,2,3,0,0,86836.0,49
7408,2,3,0,1,54549.0,72
6019,2,3,1,0,37126.0,53
5547,2,3,0,0,84169.0,42
8362,2,3,0,0,84169.0,42
3885,2,3,1,0,33569.0,41
5429,2,3,0,1,45579.0,76
3427,2,3,0,1,59821.0,69
8911,2,3,0,1,56320.0,57
10490,2,3,1,1,51039.0,55
7849,2,3,0,0,80336.0,54
6271,2,3,0,1,50870.0,72
8164,2,3,0,0,82170.0,46
6431,2,3,1,1,45759.0,60
10789,2,3,1,1,45759.0,60
5929,2,3,1,0,37401.0,51
10795,2,3,1,0,37401.0,51
4609,2,3,0,1,57705.0,58
10609,2,3,0,1,42769.0,62
4713,2,3,1,0,31605.0,45
1459,2,3,0,1,69063.0,58
3478,2,3,1,1,60585.0,53
4673,2,3,0,1,81300.0,61
618,2,3,0,1,69389.0,47
1064,2,3,1,0,42403.0,53
3967,2,3,0,0,78931.0,53
9215,2,3,1,0,43974.0,44
7196,2,3,1,1,41145.0,74
9260,2,3,0,0,70356.0,79
2587,2,3,1,0,29791.0,52
1501,2,3,0,0,160803.0,42
8341,2,3,1,0,30396.0,55
10766,2,3,0,1,65526.0,60
9971,2,3,0,1,65526.0,60
6466,2,3,1,1,57236.0,59
9485,2,3,0,0,45921.0,38
8268,2,3,0,1,51373.0,63
2782,2,3,0,1,54456.0,63
7505,2,3,1,1,44155.0,67
4220,2,3,0,1,59892.0,54
1081,2,3,1,2,75283.0,67
4207,2,3,0,0,87171.0,43
2574,2,3,0,1,61996.0,47
9931,2,3,1,1,4023.0,61
7411,2,3,1,1,31686.0,60
9396,2,3,1,0,37717.0,46
933,2,3,1,0,37717.0,46
8104,2,3,0,0,53312.0,73
3037,2,3,0,0,50150.0,41
4698,2,3,0,0,50150.0,41
6177,2,3,1,0,33454.0,39
4339,2,3,0,1,67353.0,54
10350,2,3,2,1,54432.0,74
5370,2,3,1,0,32644.0,51
2098,2,3,2,0,33581.0,55
2156,2,3,1,1,22554.0,69
6566,2,3,1,1,72550.0,70
7943,2,3,1,0,36663.0,49
10790,2,3,1,0,18169.0,39
9405,2,3,1,1,52869.0,70
3463,2,3,0,1,69283.0,49
5207,2,3,1,1,53378.0,61
4329,2,3,1,0,18988.0,40
4394,2,3,0,0,81051.0,59
3783,2,3,1,1,52854.0,65
10727,2,3,1,0,69084.0,54
5299,2,3,1,0,69084.0,54
6872,2,3,0,1,65352.0,50
11007,2,3,1,0,29187.0,56
9076,2,3,1,0,30732.0,44
1204,2,3,0,1,67536.0,54
3075,2,3,0,0,59973.0,52
5922,2,3,0,1,40344.0,50
2620,2,3,1,0,34596.0,50
8254,2,3,1,0,34596.0,50
679,2,3,1,1,37633.0,67
10827,2,3,1,1,36947.0,57
4603,2,3,0,1,65695.0,64
7037,2,3,1,0,37087.0,50
6374,2,3,0,1,36930.0,70
10031,2,3,1,1,16927.0,48
5290,2,3,1,1,41551.0,60
5247,2,3,1,1,38725.0,69
7788,2,3,1,0,23536.0,41
10478,2,3,1,1,55517.0,74
839,2,3,1,0,45503.0,49
1139,2,3,0,0,73356.0,40
4381,2,3,1,1,46463.0,53
737,2,3,0,0,80360.0,75
8717,2,3,0,1,80427.0,49
2295,2,3,0,1,62670.0,70
1915,2,3,0,0,78939.0,73
4837,2,3,0,1,71322.0,59
4988,2,3,1,1,34469.0,76
3526,2,3,1,1,38443.0,56
10446,2,3,0,0,82017.0,67
5186,2,3,0,1,58482.0,69
1079,2,3,0,1,71969.0,53
164,2,3,0,0,28973.0,47
5721,2,3,0,0,84117.0,68
6912,2,3,0,2,63246.0,57
6292,2,3,0,0,82333.0,38
3202,2,3,0,0,51563.0,37
2836,2,3,1,0,43269.0,52
9579,2,3,2,1,33762.0,65
1127,2,3,0,0,85844.0,51
1168,2,3,0,0,72159.0,46
8375,2,3,0,1,55954.0,56
1993,2,3,0,1,58607.0,75
10542,2,3,1,1,36778.0,56
9606,2,3,0,0,69969.0,59
10479,2,3,0,0,76618.0,49
5966,2,3,1,1,45207.0,50
3081,2,3,1,0,41014.0,46
9707,2,3,0,1,55212.0,55
10872,2,3,0,1,55212.0,55
2525,2,3,0,0,38410.0,50
3074,2,3,0,0,70643.0,40
5140,2,3,1,0,64355.0,39
9370,2,3,0,0,65846.0,79
3281,2,3,1,1,49154.0,64
8858,2,3,0,1,44325.0,52
895,2,3,0,2,61467.0,76
7899,2,3,0,1,77610.0,72
9703,2,3,1,1,38097.0,54
6927,2,3,1,1,44377.0,56
7327,2,3,1,1,36732.0,65
5062,2,3,1,1,54072.0,61
1172,2,3,0,0,92491.0,41
5545,2,3,0,0,78075.0,52
7495,2,3,0,1,56223.0,76
4743,2,3,0,1,56242.0,55
10742,2,3,0,0,86580.0,41
7129,2,3,0,1,54693.0,62
460,2,3,0,0,79930.0,52
6653,2,3,1,1,55158.0,54
7106,2,3,0,0,75865.0,81
9029,2,3,0,0,70116.0,52
1921,2,3,2,1,59062.0,57
257,2,3,0,1,75032.0,65
6932,2,3,0,0,93027.0,83
9559,2,3,0,1,57072.0,63
10314,2,3,0,0,83837.0,76
7698,2,3,0,1,51650.0,48
17,2,3,0,1,60491.0,53
9153,2,3,0,1,59304.0,60
10675,2,3,0,1,66334.0,68
4475,2,3,0,0,69098.0,75
339,2,3,0,1,57091.0,52
5734,2,3,1,1,61917.0,50
2230,2,3,1,0,23626.0,54
2456,2,3,0,1,40233.0,49
11181,2,3,0,0,156924.0,75
6488,2,3,0,1,38829.0,65
455,2,3,0,0,51012.0,78
7592,2,3,0,0,51012.0,78
8132,2,3,1,1,60631.0,49
10812,2,3,1,0,46377.0,46
2909,2,3,0,1,78128.0,50
5455,2,3,1,0,32011.0,53
3233,2,3,0,1,62745.0,59
10854,2,3,1,1,38853.0,54
11031,2,3,1,1,48699.0,74
5667,2,3,0,1,60896.0,60
8867,2,3,0,0,67546.0,36
2747,2,3,0,0,67546.0,36
1142,2,3,0,1,55707.0,71
7755,2,3,0,1,57744.0,70
2878,2,3,0,1,67472.0,77
8970,2,3,0,1,62010.0,52
5324,2,3,1,0,58293.0,43
1966,2,3,0,0,84618.0,59
7789,2,3,0,0,84618.0,59
5153,2,3,0,1,77766.0,57
4127,2,3,0,1,77766.0,57
6722,2,3,0,1,70421.0,70
8475,2,3,0,1,157243.0,51
8070,2,3,0,1,54222.0,51
4070,2,3,0,2,94871.0,55
4073,3,3,0,0,63564.0,70
2079,3,3,0,0,81044.0,77
2681,3,3,0,0,65370.0,40
1241,3,3,1,0,14796.0,40
5332,3,3,0,0,82504.0,64
6815,3,3,0,0,96547.0,44
6365,3,3,0,0,30390.0,37
1031,3,3,0,0,85710.0,35
10270,3,3,1,0,35523.0,43
10995,3,3,1,0,15716.0,36
7628,3,3,1,0,43050.0,51
10681,3,3,0,1,62466.0,54
5156,3,3,0,1,62466.0,54
6116,3,3,0,1,48985.0,56
8779,3,3,1,0,36145.0,39
5231,3,3,0,2,45894.0,50
8933,3,3,1,0,32146.0,41
87,3,3,1,0,27733.0,43
4741,3,3,1,0,65463.0,50
8207,3,3,0,1,53233.0,67
10552,3,3,0,1,54210.0,45
9909,3,3,0,0,7500.0,28
9984,3,3,1,1,56337.0,43
10629,3,3,1,0,51373.0,51
8420,3,3,0,0,15315.0,54
10065,3,3,0,0,15315.0,54
10390,3,3,0,1,26887.0,65
9850,3,3,1,0,24884.0,52
5117,3,3,0,0,32632.0,61
7725,3,3,0,0,76800.0,59
6050,3,3,0,1,57036.0,49
7034,3,3,1,0,25804.0,46
7235,3,3,1,0,17003.0,49
1773,3,3,0,0,12393.0,46
4856,3,3,0,0,82347.0,67
8722,3,3,0,0,82347.0,67
6919,3,3,1,0,26224.0,46
9094,3,3,0,1,62972.0,69
9847,3,3,0,1,62972.0,69
7010,3,3,0,0,70924.0,59
4767,3,3,0,0,70924.0,59
4646,3,3,0,0,78497.0,73
6935,3,3,0,0,78497.0,73
2217,3,3,1,1,37284.0,49
4102,3,3,1,1,37284.0,49
89,3,3,1,0,22212.0,49
6583,3,3,0,0,72635.0,69
3433,3,3,0,0,72635.0,69
1328,3,3,0,1,57937.0,42
3283,3,3,0,1,70932.0,52
2802,3,3,0,0,87000.0,32
4937,3,3,1,1,46094.0,51
5680,3,3,1,0,35684.0,40
2118,3,3,0,1,62905.0,60
367,3,3,1,0,36550.0,46
7426,3,3,1,1,54690.0,53
8360,3,3,1,1,54690.0,53
10755,3,3,1,0,23718.0,48
3559,3,3,1,0,16248.0,36
8789,3,3,1,0,59060.0,35
922,3,3,1,1,31086.0,45
4328,3,3,1,0,21955.0,38
9672,3,3,1,1,23162.0,54
8017,3,3,1,1,51111.0,43
1878,3,3,0,0,23148.0,39
2516,3,3,1,1,46831.0,55
4915,3,3,0,1,53230.0,68
6131,3,3,1,1,70829.0,44
5346,3,3,1,0,23559.0,51
20,3,3,0,1,46891.0,59
2246,3,3,0,1,46891.0,59
3745,3,3,1,0,23331.0,36
8204,3,3,0,0,78041.0,53
5885,3,3,2,1,35688.0,51
3310,3,3,2,1,35688.0,51
456,3,3,1,0,7500.0,38
8541,3,3,1,0,24683.0,34
2320,3,3,0,1,47025.0,46
2106,3,3,0,0,20130.0,50
3363,3,3,0,0,20130.0,50
5263,3,3,1,0,31056.0,47
10470,4,3,1,0,40662.0,45
5114,4,3,0,1,74806.0,59
1402,4,3,0,0,66991.0,70
4877,4,3,0,1,38576.0,51
3112,4,3,1,0,22701.0,47
4405,4,3,0,2,63915.0,68
5510,4,3,0,1,43263.0,47
4114,4,3,0,0,79143.0,60
4470,4,3,0,1,58646.0,62
6183,4,3,0,1,58646.0,62
4491,4,3,1,1,62845.0,75
873,4,3,1,1,62845.0,75
2296,4,3,1,0,37368.0,49
9504,4,3,0,0,81698.0,75
8581,4,3,1,1,49505.0,53
8755,4,3,0,0,68657.0,78
10862,4,3,0,1,30522.0,64
8216,4,3,1,1,53761.0,52
5074,4,3,1,0,28072.0,38
2521,4,3,1,0,35178.0,53
4301,4,3,1,0,35178.0,53
1183,4,3,1,1,36408.0,75
1048,4,3,1,0,35641.0,52
6606,4,3,1,0,70091.0,55
9635,4,3,0,0,35876.0,41
6406,4,3,0,0,78285.0,36
1650,4,3,0,0,81843.0,64
2613,4,3,0,1,54197.0,64
10796,4,3,1,0,30477.0,40
9212,4,3,0,1,72828.0,62
8962,4,3,1,1,44319.0,49
10991,4,3,0,0,89058.0,64
5512,4,3,0,1,55842.0,47
3711,4,3,0,0,80184.0,80
2139,4,3,1,0,7500.0,49
5313,4,3,1,1,38196.0,53
7444,4,3,1,1,42169.0,55
3690,4,3,0,0,80141.0,38
2666,4,3,0,1,76234.0,52
10562,4,3,0,0,66835.0,78
7881,4,3,0,0,66835.0,78
10846,4,3,1,0,43783.0,46
7861,4,3,0,1,77027.0,72
2495,4,3,0,1,83891.0,50
1175,4,3,0,0,36262.0,41
5991,4,3,0,1,48150.0,75
5907,4,3,1,1,33444.0,72
2535,4,3,1,0,88097.0,46
9291,4,3,0,1,34242.0,65
6950,4,3,1,1,49572.0,66
7627,4,3,0,0,92163.0,49
1361,4,3,0,0,82584.0,50
5453,4,3,0,0,90226.0,68
1518,4,3,1,1,62694.0,59
5534,4,3,0,1,47808.0,49
7832,4,3,0,1,77520.0,65
6690,4,3,1,1,38179.0,58
1448,4,3,1,2,33562.0,61
2256,4,3,1,1,27159.0,51
1859,4,3,0,0,75251.0,52
8925,4,3,0,1,70053.0,59
7901,4,3,0,1,34109.0,53
6613,4,3,1,0,44511.0,54
1055,4,3,1,1,53204.0,48
1458,4,3,1,0,21059.0,42
8402,4,3,0,1,67087.0,71
8135,4,3,1,0,27161.0,38
4679,4,3,0,1,78710.0,47
3602,4,3,0,1,51412.0,66
6958,4,3,1,0,27889.0,47
9274,4,3,0,0,80950.0,63
7007,4,3,2,0,29543.0,56
273,4,3,1,1,36138.0,54
851,4,3,1,1,57136.0,52
9423,4,3,1,0,32765.0,45
10380,4,3,1,0,37787.0,52
2245,4,3,1,1,43641.0,55
3381,4,3,1,1,54348.0,71
635,4,3,1,1,57183.0,58
8786,4,3,0,1,62058.0,68
6214,4,3,1,0,43815.0,42
10691,4,3,1,1,28520.0,64
10634,4,3,0,0,59412.0,73
5177,4,3,0,1,58494.0,50
7369,4,3,1,0,36959.0,43
5123,4,3,0,0,27450.0,73
3830,4,3,0,2,59354.0,71
5300,4,3,1,0,38961.0,51
11171,4,3,2,1,56962.0,59
1600,4,3,2,1,56962.0,59
1103,4,3,1,0,81929.0,48
4480,4,3,0,1,60432.0,51
10660,4,3,1,1,66726.0,67
833,4,3,1,1,38452.0,69
3565,4,3,1,1,38452.0,69
8442,4,3,2,0,19510.0,39
8210,4,3,0,1,54730.0,49
5272,4,3,0,1,53843.0,59
5731,4,3,1,0,27100.0,41
7152,4,3,1,0,27100.0,41
4050,4,3,0,0,49605.0,58
3643,4,3,0,0,63206.0,50
6142,4,3,0,0,65073.0,81
4599,4,3,0,2,49681.0,48
879,4,3,0,2,49681.0,48
3412,4,3,0,1,67381.0,73
3225,4,3,1,0,42207.0,40
8093,4,3,0,0,79734.0,55
713,4,3,0,0,50353.0,47
3732,4,3,0,1,52750.0,69
5057,4,3,0,1,61794.0,63
3594,4,3,1,1,54108.0,51
6999,4,3,0,0,69661.0,44
7683,4,3,0,1,70777.0,56
5454,4,3,1,0,45057.0,45
9010,4,3,0,0,83151.0,52
310,4,3,0,1,61872.0,54
6274,4,3,0,0,83790.0,76
7326,4,3,0,1,56850.0,53
361,4,3,1,1,43142.0,55
4200,4,3,1,0,44159.0,54
1118,4,3,0,1,50965.0,68
503,4,3,1,0,20559.0,39
7791,4,3,1,1,37054.0,57
8212,4,3,0,1,39791.0,53
11030,4,3,1,0,33181.0,48
4754,4,3,0,1,33585.0,58
6565,4,3,0,1,76995.0,75
1916,4,3,0,1,45736.0,70
4687,4,3,0,0,80739.0,66
3298,4,3,0,1,52973.0,68
1604,4,3,0,1,47353.0,64
4440,4,3,0,1,64100.0,60
5896,4,3,0,0,73395.0,37
9239,4,3,0,2,61923.0,63
5015,4,3,1,0,34529.0,48
5623,4,3,1,0,31535.0,44
8952,4,3,0,1,65569.0,71
6398,5,3,1,0,18393.0,50
4211,5,3,1,0,20425.0,38
1407,5,3,1,0,20425.0,38
8151,5,3,0,0,24279.0,34
1384,5,3,1,0,17256.0,32
2457,5,3,0,1,30801.0,49
1777,5,3,0,0,25965.0,44
1646,5,3,1,0,25224.0,52
6516,5,3,1,0,17487.0,35
5802,5,3,0,0,14188.0,52
6682,5,3,1,0,18978.0,51
4669,5,3,1,0,24480.0,43
387,5,3,0,0,7500.0,48
642,5,3,1,0,16005.0,44
2563,5,3,0,0,28249.0,63
8312,5,3,0,0,28249.0,63
193,5,3,0,0,14421.0,28
5692,5,3,1,0,25443.0,35
5043,5,3,0,0,26997.0,73
1951,5,3,0,0,34445.0,43
1386,1,4,1,1,32474.0,57
1991,1,4,0,1,44931.0,57
5430,1,4,1,1,54450.0,68
8432,1,4,1,1,54450.0,68
9595,1,4,0,0,64260.0,63
6287,1,4,1,0,34728.0,38
9999,1,4,0,0,75276.0,59
9888,1,4,0,0,68695.0,55
4399,1,4,0,0,68695.0,55
9970,1,4,0,1,55375.0,47
254,1,4,0,1,53863.0,69
2130,1,4,2,0,45203.0,42
4477,1,4,0,1,69096.0,66
10832,1,4,0,0,46610.0,66
8430,1,4,0,1,21994.0,67
8619,1,4,0,1,21994.0,67
6678,1,4,1,0,31928.0,35
10451,1,4,1,1,29672.0,59
4198,1,4,1,1,29672.0,59
10814,1,4,0,0,70321.0,77
1911,1,4,0,0,67430.0,37
8318,1,4,0,0,90300.0,45
10905,1,4,1,1,42586.0,69
8910,1,4,1,1,42586.0,69
9986,1,4,1,0,19444.0,42
5519,1,4,0,1,64090.0,68
7261,1,4,1,1,34600.0,53
2452,1,4,1,1,34600.0,53
6424,1,4,1,0,33178.0,47
1618,1,4,0,0,56046.0,59
977,1,4,0,1,47320.0,67
6404,1,4,1,2,58917.0,55
10240,1,4,0,0,69372.0,75
5067,1,4,0,0,80134.0,30
4557,1,4,1,0,22070.0,54
4186,1,4,1,1,34026.0,74
1419,1,4,1,1,34026.0,74
2677,1,4,0,1,46097.0,68
9860,1,4,0,1,44911.0,65
2324,1,4,0,1,77044.0,52
7793,1,4,0,1,62061.0,48
4931,1,4,0,0,157146.0,47
9701,1,4,1,0,41883.0,36
5302,1,4,0,0,78394.0,38
3698,1,4,0,0,78687.0,41
4390,1,4,0,1,75315.0,70
5031,1,4,0,0,83145.0,50
7393,1,4,1,1,41580.0,46
9463,1,4,0,1,71706.0,65
11101,1,4,0,0,89891.0,33
10983,1,4,0,0,75278.0,72
6521,1,4,0,0,77972.0,70
9560,1,4,0,0,83003.0,59
3076,1,4,1,1,66653.0,49
2727,1,4,0,0,57100.0,51
3525,1,4,1,1,38200.0,54
3697,1,4,0,1,39898.0,70
9955,1,4,0,1,39898.0,70
4939,1,4,0,0,37760.0,78
8652,1,4,0,0,37760.0,78
5204,1,4,0,0,74538.0,53
10128,1,4,0,1,53977.0,66
9284,1,4,0,1,53977.0,66
8643,1,4,0,0,69930.0,53
8369,1,4,1,0,18227.0,37
6646,1,4,1,0,16529.0,40
9432,1,4,1,0,666666.0,47
11112,1,4,0,1,70713.0,58
4607,1,4,0,0,71367.0,65
4944,1,4,0,0,71367.0,65
9483,1,4,0,1,57957.0,65
8492,1,4,0,0,75437.0,46
5527,1,4,1,0,22434.0,37
5628,1,4,0,0,61416.0,42
6182,1,4,1,0,26646.0,40
4141,1,4,0,0,71613.0,59
5564,1,4,0,1,62882.0,55
9119,1,4,0,1,60905.0,74
5955,1,4,0,0,72025.0,62
10928,1,4,0,1,66886.0,66
4299,1,4,0,1,70971.0,64
1277,1,4,0,0,78468.0,64
3595,1,4,0,1,77226.0,61
4137,1,4,0,0,70666.0,76
9495,1,4,0,0,71853.0,42
2631,1,4,0,0,71853.0,42
615,1,4,0,0,30507.0,64
4406,1,4,0,1,67419.0,54
5236,1,4,0,1,77568.0,45
3107,1,4,0,1,71322.0,48
3790,1,4,2,1,34633.0,68
749,1,4,1,0,42162.0,43
5710,1,4,0,1,40548.0,54
6421,1,4,0,0,88347.0,63
3491,1,4,0,1,55914.0,49
7610,1,4,1,0,37292.0,41
359,1,4,0,1,48070.0,74
3759,1,4,0,2,65196.0,66
6263,1,4,1,2,35322.0,56
10129,1,4,0,0,82427.0,58
5423,1,4,1,0,28359.0,41
2570,1,4,0,1,56534.0,56
4791,1,4,1,1,44964.0,44
9206,1,4,0,1,77382.0,56
4611,1,4,0,0,105471.0,54
9862,1,4,1,0,21918.0,55
6658,1,4,0,1,59868.0,52
10858,1,4,1,1,76532.0,49
6728,1,4,1,0,29103.0,39
5866,1,4,1,0,48186.0,50
4654,1,4,0,0,75114.0,32
10207,1,4,1,0,22775.0,46
4838,1,4,1,0,22775.0,46
10219,1,4,1,0,31590.0,52
4084,1,4,0,1,60934.0,49
10839,1,4,1,1,36283.0,48
9829,1,4,1,0,28587.0,46
10469,1,4,0,0,88325.0,43
521,1,4,1,0,54006.0,39
10403,1,4,1,0,16531.0,46
5848,1,4,0,0,81205.0,54
1044,1,4,0,0,58398.0,71
10341,1,4,0,0,51315.0,76
1715,1,4,1,0,25851.0,46
5077,1,4,0,1,77298.0,45
6173,1,4,0,1,77298.0,45
8825,1,4,1,1,51195.0,62
4653,1,4,1,0,42011.0,46
5788,1,4,1,0,46053.0,52
3933,1,4,1,0,44010.0,44
6616,1,4,0,1,59481.0,49
7428,1,4,0,0,80144.0,49
7250,1,4,1,0,57867.0,46
454,1,4,1,0,69508.0,44
1215,1,4,0,0,70440.0,46
3120,1,4,1,0,38547.0,43
5543,1,4,0,1,57811.0,58
7019,1,4,1,1,54414.0,61
2157,1,4,1,1,26290.0,52
3007,1,4,1,1,37758.0,58
5513,1,4,1,1,37758.0,58
8692,1,4,1,1,43462.0,72
8140,1,4,1,0,22682.0,51
9592,1,4,1,0,22010.0,41
6575,1,4,1,1,56386.0,43
6354,1,4,1,0,15345.0,40
1077,1,4,0,0,56715.0,50
945,1,4,0,1,36317.0,59
8008,1,4,1,0,36075.0,41
1628,1,4,0,0,71796.0,53
8687,1,4,0,1,53172.0,46
3749,1,4,0,0,73926.0,51
3623,1,4,1,0,21675.0,48
1343,1,4,1,1,58554.0,56
4749,1,4,1,1,58554.0,56
6905,1,4,0,0,80685.0,30
1045,1,4,0,1,52117.0,59
7723,1,4,0,0,75507.0,45
2963,1,4,0,0,75507.0,45
7822,1,4,0,1,54058.0,48
2066,1,4,0,1,38823.0,75
800,1,4,1,1,44512.0,64
3560,1,4,0,0,83844.0,72
241,1,4,0,0,83844.0,72
7521,1,4,0,0,83844.0,72
3537,1,4,1,0,31089.0,43
5610,1,4,1,1,33456.0,59
6203,1,4,0,0,74485.0,77
7192,1,4,0,1,65748.0,69
8514,1,4,1,0,29478.0,48
7165,1,4,0,1,64474.0,52
4518,1,4,0,1,85693.0,45
5967,1,4,1,1,33402.0,72
5841,1,4,0,1,60894.0,58
3174,1,4,0,1,87771.0,65
5536,1,4,0,1,87771.0,65
1763,1,4,0,0,87679.0,36
5386,1,4,0,0,94384.0,71
6024,1,4,0,0,94384.0,71
10722,1,4,0,1,55593.0,51
2406,1,4,0,1,54591.0,75
5756,1,4,1,0,39453.0,41
10104,1,4,2,1,33590.0,50
1606,1,4,1,0,38590.0,53
3536,1,4,0,1,19740.0,64
7409,1,4,1,0,53187.0,54
1964,1,4,0,0,86610.0,73
1502,1,4,1,0,28427.0,41
736,1,4,1,0,28427.0,41
2115,1,4,1,1,50116.0,67
11091,1,4,1,1,34587.0,71
8749,1,4,1,0,37235.0,40
9491,1,4,1,0,23976.0,40
10513,1,4,0,0,63207.0,32
5138,1,4,0,1,28320.0,74
8870,1,4,1,0,35196.0,40
10340,1,4,1,0,35196.0,40
9905,1,4,1,1,34074.0,72
1409,1,4,0,1,40689.0,73
5314,1,4,0,1,40689.0,73
5407,1,4,0,1,53103.0,70
4356,1,4,0,1,71819.0,53
3972,1,4,1,1,50200.0,48
10680,1,4,1,0,33235.0,38
4297,1,4,1,0,23228.0,55
1553,1,4,0,0,82657.0,78
10640,1,4,1,1,44392.0,50
2447,1,4,1,0,30545.0,45
8562,1,4,0,0,54165.0,55
10965,1,4,0,0,76005.0,69
6445,1,4,0,0,66825.0,57
902,1,4,1,0,62994.0,44
7254,1,4,1,0,38361.0,55
8775,1,4,1,0,38361.0,55
6969,1,4,1,0,50272.0,42
2375,1,4,1,2,30261.0,52
6856,1,4,1,0,21645.0,45
4333,1,4,1,1,32144.0,70
4927,1,4,2,0,16626.0,53
5577,1,4,1,0,43776.0,41
7998,1,4,1,1,28087.0,66
10992,1,4,1,1,75702.0,57
697,1,4,0,0,74918.0,55
6202,1,4,0,1,63381.0,64
3856,1,4,0,1,63381.0,64
771,1,4,0,1,54178.0,57
500,1,4,0,0,96876.0,47
1655,1,4,1,0,34350.0,45
8931,1,4,1,0,83033.0,38
803,1,4,1,1,40521.0,56
4370,1,4,2,1,43482.0,58
3523,1,4,0,1,75072.0,62
55,1,4,0,1,56253.0,61
3807,1,4,0,1,59925.0,69
2453,1,4,0,1,62807.0,64
7787,1,4,0,1,62807.0,64
3152,1,4,1,1,26091.0,67
11188,1,4,1,1,26091.0,67
5939,1,4,1,1,38232.0,53
10120,1,4,0,1,38946.0,69
4541,1,4,0,1,38946.0,69
11013,1,4,0,0,67605.0,37
7375,1,4,0,1,51369.0,48
10144,1,4,0,1,51369.0,48
4998,1,4,0,0,76081.0,62
7321,1,4,0,0,76081.0,62
11148,1,4,1,0,22280.0,49
4547,1,4,1,1,13672.0,64
6825,1,4,1,1,41452.0,71
2564,1,4,0,1,61278.0,71
6327,1,4,0,0,65777.0,57
7801,1,4,0,1,54753.0,65
6977,1,4,0,1,75702.0,50
2902,1,4,1,1,51373.0,66
9386,1,4,0,1,50127.0,62
5176,1,4,1,0,29604.0,36
692,1,4,1,1,36807.0,70
4554,1,4,0,1,47009.0,59
1404,1,4,2,0,34916.0,56
10598,1,4,1,1,27943.0,57
2975,1,4,0,1,85606.0,48
1357,1,4,1,2,74854.0,54
10678,1,4,0,1,71232.0,65
2147,1,4,0,0,76653.0,55
6515,1,4,1,0,39771.0,47
7286,1,4,1,0,41728.0,56
9135,1,4,1,1,27203.0,74
322,1,4,1,1,42554.0,46
1010,1,4,2,1,46931.0,47
6534,1,4,1,0,47889.0,50
4179,1,4,0,0,24221.0,65
11114,1,4,1,0,19656.0,54
4789,1,4,0,0,80812.0,71
9523,1,4,1,0,40479.0,42
10492,1,4,2,1,38285.0,65
5644,1,4,0,1,42213.0,67
8310,1,4,0,1,68142.0,60
6382,1,4,1,1,48794.0,71
8439,1,4,0,2,63404.0,60
48,1,4,0,1,55761.0,60
9940,1,4,0,1,64961.0,66
9757,1,4,0,0,84906.0,52
2088,1,4,0,0,84906.0,52
2202,1,4,0,1,41154.0,46
2831,1,4,0,1,78416.0,48
2415,1,4,0,1,62568.0,62
5824,2,4,2,1,34578.0,52
3066,2,4,0,1,61905.0,49
7919,2,4,0,0,72335.0,48
4785,2,4,0,2,77622.0,54
158,2,4,0,0,71604.0,79
7279,2,4,0,0,69476.0,55
1631,2,4,0,0,65220.0,59
1570,2,4,0,1,69702.0,73
8566,2,4,1,1,32583.0,63
3403,2,4,0,1,78952.0,66
11176,2,4,0,1,65968.0,54
1729,2,4,0,1,66426.0,63
9725,2,4,1,1,28764.0,58
10477,2,4,1,0,39435.0,51
3769,2,4,1,0,51373.0,52
10146,2,4,1,0,38887.0,52
1880,2,4,1,1,53537.0,65
7999,2,4,0,0,75261.0,69
4855,2,4,1,0,30351.0,50
5049,2,4,1,0,30351.0,50
4967,2,4,0,1,38201.0,64
4322,2,4,0,0,77863.0,66
1685,2,4,0,0,62981.0,57
4088,2,4,0,1,31497.0,62
4971,2,4,0,1,31497.0,62
1818,2,4,1,0,29732.0,53
9972,2,4,1,1,46015.0,69
2945,2,4,1,1,46015.0,69
8754,2,4,0,1,45068.0,50
10140,2,4,0,0,70123.0,41
1029,2,4,0,1,64413.0,54
2036,2,4,0,1,57906.0,51
7873,2,4,1,1,63516.0,51
1503,2,4,1,1,162397.0,48
1008,2,4,0,0,44953.0,43
2072,2,4,0,1,53374.0,55
8605,2,4,1,1,46910.0,60
3867,2,4,0,1,73059.0,77
3859,2,4,0,1,73059.0,77
1734,2,4,2,1,40706.0,56
6875,2,4,0,0,32727.0,59
6387,2,4,1,1,52190.0,48
10242,2,4,1,1,47472.0,58
10767,2,4,0,0,77845.0,35
5303,2,4,0,0,79632.0,50
3321,2,4,0,2,56575.0,57
7186,2,4,1,1,30843.0,58
10613,2,4,1,1,37334.0,66
9624,2,4,0,0,65488.0,66
10841,2,4,0,1,56559.0,49
6211,2,4,1,0,37395.0,48
4184,2,4,0,1,52157.0,74
309,2,4,0,1,63342.0,63
3571,2,4,0,1,63342.0,63
8876,2,4,1,1,33629.0,61
8659,2,4,0,1,69805.0,72
4128,2,4,0,1,56067.0,62
4107,2,4,0,2,46681.0,76
10906,2,4,0,2,46681.0,76
8955,2,4,0,2,40451.0,67
1232,2,4,0,0,70038.0,42
2345,2,4,0,0,70038.0,42
8584,2,4,0,0,85431.0,72
2798,2,4,0,0,102160.0,47
8286,2,4,0,1,51717.0,59
4012,2,4,0,1,62220.0,52
5529,2,4,2,1,64014.0,78
4001,2,4,2,1,64014.0,78
3428,2,4,0,0,68682.0,33
4500,2,4,0,0,68682.0,33
4149,2,4,0,0,76140.0,76
7055,2,4,0,1,61010.0,72
9576,2,4,1,0,32313.0,42
610,2,4,1,1,53593.0,71
182,2,4,0,1,44124.0,78
716,2,4,0,1,67911.0,75
6544,2,4,0,1,67911.0,75
4298,2,4,1,0,20427.0,51
5723,2,4,0,1,49187.0,48
3570,2,4,1,0,42731.0,55
3726,2,4,1,0,34320.0,38
4597,2,4,0,0,82072.0,54
5899,2,4,1,1,5648.0,74
4725,2,4,0,1,50616.0,74
6245,2,4,0,1,59292.0,74
8780,2,4,0,1,59292.0,74
11051,2,4,1,1,77376.0,68
6303,2,4,0,0,91820.0,38
10686,2,4,1,1,34230.0,59
1672,2,4,0,1,65640.0,50
4303,2,4,0,1,6835.0,67
6383,2,4,1,0,32892.0,53
10536,2,4,1,0,32892.0,53
7574,2,4,1,0,27922.0,45
2549,2,4,1,0,21840.0,41
1509,2,4,0,0,84460.0,66
5229,2,4,0,1,54132.0,55
6059,2,4,1,2,64504.0,71
564,2,4,1,0,56937.0,43
11088,2,4,0,1,78642.0,53
1958,2,4,0,1,55012.0,51
2304,2,4,0,1,66313.0,61
7325,2,4,1,0,38197.0,38
2445,2,4,1,0,28440.0,50
9298,2,4,0,0,81574.0,77
6974,2,4,0,0,83443.0,52
832,2,4,0,1,65814.0,58
4964,2,4,0,0,74250.0,66
1291,2,4,1,0,27683.0,46
10590,2,4,0,0,76542.0,68
7938,2,4,0,1,51518.0,66
3916,2,4,1,0,49269.0,53
3336,2,4,0,1,66375.0,76
1663,2,4,1,0,34043.0,46
9925,2,4,1,0,39665.0,43
5602,2,4,0,0,66973.0,35
10659,3,4,1,0,7500.0,45
8036,3,4,1,1,26850.0,53
11003,3,4,1,0,25130.0,44
577,3,4,1,1,26907.0,48
8702,3,4,1,1,26907.0,48
9262,3,4,0,0,32414.0,40
10401,3,4,0,0,26326.0,48
7143,3,4,0,1,74805.0,69
3865,3,4,0,0,20981.0,47
5782,3,4,0,1,58582.0,42
2518,3,4,0,0,20491.0,38
4712,3,4,0,0,20193.0,33
6504,3,4,1,0,19789.0,49
1378,3,4,0,1,50334.0,52
3091,3,4,1,0,75774.0,43
762,3,4,1,0,75774.0,43
3870,3,4,0,0,63855.0,46
7798,3,4,0,1,46344.0,52
2186,3,4,0,0,82326.0,47
5832,3,4,0,0,92556.0,64
3102,3,4,1,0,19414.0,43
75,3,4,0,0,41039.0,42
6181,3,4,0,0,52203.0,74
1403,3,4,1,1,34984.0,49
1927,3,4,0,1,69401.0,51
5596,3,4,0,1,58821.0,68
3665,3,4,1,0,25315.0,47
11096,3,4,0,1,57247.0,72
8370,3,4,0,1,75484.0,48
5987,3,4,1,0,10404.0,35
3276,3,4,1,0,36301.0,48
8720,3,4,0,0,51373.0,46
5081,3,4,1,1,47821.0,57
8985,3,4,0,1,68316.0,60
125,3,4,1,1,53083.0,66
7761,3,4,1,0,38702.0,46
8213,3,4,1,0,14515.0,44
1513,3,4,1,1,60839.0,45
7514,3,4,1,1,54342.0,68
238,3,4,1,1,67309.0,57
10648,3,4,0,0,66664.0,42
5120,3,4,0,0,66664.0,42
10067,3,4,1,1,25176.0,48
4271,3,4,1,0,38683.0,35
1440,3,4,0,0,52513.0,46
5234,3,4,1,1,30753.0,57
1491,3,4,0,0,71488.0,59
7706,3,4,0,1,46772.0,49
9140,3,4,1,1,50523.0,64
7960,3,4,0,0,82122.0,62
2227,3,4,0,0,26490.0,66
946,3,4,0,0,26490.0,66
1755,3,4,1,0,45204.0,36
1890,3,4,1,1,42033.0,53
3270,3,4,1,0,17117.0,46
7613,3,4,1,0,49669.0,50
10001,3,4,1,0,7500.0,39
5642,4,4,1,0,62499.0,45
2285,4,4,0,1,36634.0,70
10623,4,4,0,1,48330.0,63
11084,4,4,0,1,65104.0,48
5172,4,4,0,1,65104.0,48
9323,4,4,0,1,49912.0,75
1146,4,4,0,1,49912.0,75
2814,4,4,1,0,30560.0,48
2711,4,4,1,0,30560.0,48
8235,4,4,0,1,69245.0,68
1515,4,4,0,1,34176.0,49
2387,4,4,1,1,43776.0,72
6720,4,4,0,1,43795.0,56
4992,4,4,1,0,17459.0,49
9780,4,4,0,1,71499.0,53
1379,4,4,0,0,42670.0,32
3547,4,4,1,0,41021.0,55
1970,4,4,0,1,34053.0,56
7446,4,4,0,1,62513.0,57
7384,4,4,0,0,39767.0,73
2877,4,4,1,1,46014.0,50
8773,4,4,0,1,57420.0,53
8832,4,4,1,0,37509.0,48
1351,4,4,0,1,58656.0,68
7458,4,4,1,1,34941.0,68
3267,4,4,0,1,57288.0,61
8486,4,4,1,0,30538.0,53
3551,4,4,0,1,60033.0,70
6255,4,4,0,1,70545.0,72
7828,4,4,0,0,77882.0,43
1087,4,4,1,0,22669.0,49
1100,4,4,1,2,41275.0,64
7631,4,4,1,0,61346.0,46
7378,4,4,1,0,42021.0,43
807,4,4,1,1,44602.0,55
7718,4,4,0,0,66000.0,77
8527,4,4,1,1,65735.0,59
10377,4,4,0,1,46692.0,66
5336,4,4,1,0,157733.0,53
1109,4,4,1,0,27590.0,42
10475,4,4,0,1,51373.0,54
4331,4,4,0,0,85738.0,46
9738,4,4,1,0,42386.0,38
10212,4,4,1,0,42386.0,38
6543,4,4,0,0,62847.0,79
2936,4,4,1,0,23661.0,42
3969,4,4,0,1,43018.0,50
10652,4,4,0,0,65487.0,67
3852,4,4,1,1,74881.0,63
1000,4,4,1,1,74881.0,63
9347,4,4,0,1,50943.0,68
10160,4,4,0,1,50943.0,68
4550,4,4,0,1,33564.0,58
4769,4,4,1,1,57954.0,47
7187,4,4,1,1,51373.0,55
4764,4,4,1,1,40442.0,72
9952,4,4,0,0,78093.0,77
6260,4,4,0,0,82384.0,69
6866,4,4,1,1,35924.0,55
4961,4,4,1,0,21255.0,50
3033,4,4,0,0,38620.0,61
4119,4,4,0,0,38620.0,61
8932,4,4,0,1,65176.0,55
891,4,4,1,1,29298.0,73
4093,4,4,1,1,53253.0,49
2926,4,4,0,1,55951.0,72
5763,4,4,1,0,49854.0,52
2995,4,4,0,0,66636.0,67
9805,4,4,0,1,56129.0,71
849,4,4,0,1,56129.0,71
2611,4,4,0,0,82576.0,65
10741,4,4,0,1,47352.0,73
5491,4,4,0,1,47352.0,73
1173,4,4,0,0,77632.0,77
9246,4,4,1,0,40101.0,39
10260,4,4,0,1,45143.0,59
2262,4,4,0,1,45143.0,59
6528,4,4,1,0,18492.0,42
1177,4,4,1,1,49618.0,58
6036,4,4,0,0,89120.0,65
4227,4,4,1,1,32889.0,56
5223,4,4,0,1,45903.0,58
9907,4,4,0,1,66476.0,55
4174,4,4,0,1,55249.0,68
955,4,4,1,1,47175.0,62
10339,4,4,0,1,51373.0,70
8146,4,4,1,1,46106.0,48
6049,4,4,0,0,73450.0,42
5253,4,4,1,1,54603.0,68
6289,4,4,1,1,59385.0,73
9209,4,4,0,0,80573.0,53
6417,4,4,0,0,80573.0,53
231,4,4,1,1,28839.0,68
10505,4,4,0,0,73113.0,64
3170,4,4,0,0,68148.0,67
3010,4,4,0,0,88420.0,35
5798,4,4,0,0,51373.0,51
8148,4,4,1,1,50898.0,68
8162,4,4,0,0,14661.0,68
5316,4,4,0,0,21024.0,48
450,4,4,0,1,42315.0,66
9286,4,4,0,0,83151.0,64
2939,4,4,0,0,79419.0,54
1135,4,4,1,1,17144.0,64
24,4,4,1,1,17144.0,64
5871,4,4,0,0,24401.0,45
7349,5,4,1,0,9722.0,51
8234,5,4,1,0,27190.0,51
9316,5,4,0,0,13084.0,72
10069,5,4,1,0,13724.0,36
880,5,4,0,0,22634.0,58
524,5,4,0,0,22634.0,58
2686,5,4,0,0,22390.0,55
10250,5,4,0,0,28389.0,77
3850,5,4,0,1,14918.0,61
9733,5,4,1,0,24882.0,46
8462,5,4,1,0,24882.0,46
8686,5,4,1,0,23724.0,45
8373,5,4,1,0,24594.0,45
3829,5,4,1,0,24594.0,45
10352,1,5,1,1,34213.0,61
9213,1,5,1,0,31880.0,54
3678,1,5,1,1,60208.0,51
6878,1,5,0,0,27421.0,70
10102,1,5,0,0,79946.0,58
2173,1,5,0,1,40049.0,72
8614,1,5,0,1,65486.0,67
4945,1,5,0,0,53653.0,71
271,1,5,1,1,40590.0,55
7699,1,5,1,1,40590.0,55
8650,1,5,1,1,54162.0,46
8842,1,5,1,1,30372.0,53
2154,1,5,1,1,30372.0,53
9204,1,5,0,1,66731.0,54
1968,1,5,1,0,45684.0,53
10591,1,5,0,1,43638.0,55
9729,1,5,1,1,58275.0,69
2591,1,5,0,1,76320.0,65
10972,1,5,0,0,72298.0,75
7851,1,5,0,0,70165.0,75
8537,1,5,0,0,72643.0,75
6609,1,5,0,0,27038.0,58
9058,1,5,0,0,79800.0,69
10955,1,5,0,0,85620.0,60
8629,1,5,1,1,46984.0,68
7247,1,5,0,1,47916.0,64
591,1,5,0,1,66033.0,67
10868,1,5,0,0,70792.0,73
819,1,5,0,0,63285.0,79
5084,1,5,0,1,58330.0,49
7094,1,5,0,1,58330.0,49
123,1,5,0,1,67046.0,73
313,1,5,0,0,73455.0,56
8595,1,5,0,1,42429.0,51
7232,1,5,0,1,42429.0,51
10530,2,5,0,0,67786.0,65
453,2,5,1,1,35340.0,68
3009,2,5,0,0,71670.0,62
6518,2,5,0,1,67680.0,73
9760,2,5,0,1,52278.0,61
7101,2,5,0,1,52278.0,61
8594,2,5,0,1,50520.0,66
4686,2,5,0,0,82571.0,62
8041,2,5,0,1,47111.0,53
6428,2,5,0,0,76842.0,74
9336,2,5,0,1,62187.0,55
10473,2,5,0,1,78028.0,68
5092,2,5,0,1,51569.0,75
7485,2,5,1,1,56551.0,74
7530,2,5,1,1,56551.0,74
202,2,5,0,0,82032.0,76
9589,2,5,0,0,82032.0,76
13,2,5,0,1,25358.0,77
1453,2,5,0,0,57513.0,81
6250,2,5,0,1,54356.0,75
3945,2,5,0,1,68117.0,77
2740,2,5,1,1,33438.0,66
2150,2,5,0,1,80995.0,66
5441,2,5,0,1,54111.0,59
7342,3,5,0,1,59184.0,63
2166,3,5,1,1,46779.0,64
7313,3,5,0,0,74859.0,75
702,3,5,0,1,47682.0,49
3921,3,5,0,0,28457.0,72
6379,4,5,1,1,47570.0,75
8233,4,5,0,1,64866.0,74
10664,4,5,0,1,51529.0,75
3766,4,5,0,0,33051.0,65
1377,4,5,0,1,44551.0,70
4530,4,5,0,0,78427.0,76
7108,4,5,1,1,51390.0,59
6906,4,5,0,0,84953.0,71
5250,4,5,0,0,51373.0,81
8732,4,5,0,1,67369.0,55
4676,4,5,0,2,73705.0,73
4587,4,5,0,0,45006.0,80
954,5,5,0,0,22123.0,64
92,1,7,1,0,34176.0,36
7660,2,7,1,1,35860.0,51
433,4,7,1,1,61331.0,66
7734,1,8,0,0,79244.0,31
4369,4,8,0,0,65487.0,67
492,2,6,0,1,48432.0,51
11133,2,6,0,1,48432.0,51
