Customer_ID,Recency,Complain,NumWebPurchases,NumStorePurchases,MntWines,MntFruits,MntMeatProducts,MntFishProducts,MntSweetProducts,MntGoldProds
1826,0,0,4,6,189,104,379,111,189,218
1,0,0,7,7,464,5,64,7,0,37
10476,0,0,3,5,134,11,59,15,2,30
1386,0,0,1,2,10,0,1,0,0,0
5371,0,0,3,2,6,16,24,11,0,34
7348,0,0,4,5,336,130,411,240,32,43
4073,0,0,10,7,769,80,252,15,34,65
1991,0,0,2,3,78,0,11,0,0,7
4047,0,0,6,9,384,0,102,21,32,5
9477,0,0,6,9,384,0,102,21,32,5
2079,0,0,5,10,450,26,535,73,98,26
5642,0,0,3,6,140,4,61,0,13,4
10530,0,0,3,6,431,82,441,80,20,102
2964,0,0,1,2,3,10,8,3,16,32
10311,0,0,25,0,16,4,12,2,4,321
837,0,0,2,5,63,6,57,13,13,22
10521,0,0,2,5,63,6,57,13,13,22
10175,0,0,1,3,18,0,2,0,0,2
1473,0,0,2,3,53,1,5,2,1,10
2795,0,0,1,2,5,0,3,0,0,5
2285,0,0,5,5,213,9,76,4,3,30
115,0,0,5,8,275,11,68,25,7,7
10470,0,0,2,3,40,2,23,0,4,23
4065,0,0,5,8,308,0,73,0,0,23
10968,0,0,8,6,266,21,300,65,8,44
5985,0,0,2,4,80,1,37,0,1,3
5430,0,0,9,8,454,0,171,8,19,32
8432,0,0,9,8,454,0,171,8,19,32
453,1,0,2,3,27,0,12,0,1,5
9687,1,0,5,6,184,174,256,50,30,32
8890,1,0,5,5,155,7,80,13,7,10
9264,1,0,4,9,423,42,706,73,197,197
5824,1,0,1,2,7,0,1,0,0,0
5794,1,0,7,7,408,0,21,0,0,17
3068,1,0,2,3,1,12,9,0,14,7
7962,1,0,4,4,1285,21,449,106,20,20
2681,1,0,2,13,71,22,112,138,89,29
10141,1,0,0,3,7,1,6,0,3,3
3725,1,0,2,9,1248,16,349,43,16,16
3767,1,0,5,12,378,0,189,97,172,172
5585,1,0,2,3,12,2,17,6,1,10
7030,1,0,11,12,1200,0,204,38,29,14
1524,1,0,8,5,709,45,115,30,160,45
3657,1,0,4,4,94,1,33,13,12,12
5740,1,0,1,2,4,2,12,7,5,26
9595,1,0,4,4,539,169,816,20,0,30
3158,1,0,1,3,13,3,6,6,5,6
5114,1,0,5,5,670,9,249,0,28,9
340,1,0,7,8,158,35,179,0,0,125
8805,1,0,7,4,283,10,38,0,13,27
1241,1,0,1,3,13,3,8,7,4,16
1402,1,0,4,6,496,36,460,189,60,12
7264,2,0,1,2,12,0,4,0,0,1
1619,2,0,4,6,292,51,981,224,23,17
6398,2,0,3,3,7,10,13,16,0,4
1857,2,0,2,2,46,0,12,0,2,23
4877,2,0,1,3,34,0,7,0,0,0
3066,2,0,4,4,167,0,43,6,2,13
10286,2,0,2,13,318,8,407,150,35,8
1992,2,0,2,8,522,0,257,32,16,66
4246,2,0,1,1,67,11,26,4,3,262
10623,2,0,1,3,28,0,4,0,0,0
4867,2,0,3,4,58,0,18,2,0,10
3112,2,0,1,3,2,4,9,0,4,5
4865,2,0,5,8,229,7,140,10,3,11
6287,2,0,1,2,14,0,16,0,0,6
4405,2,0,6,12,622,7,115,30,0,15
5332,2,0,3,7,362,50,431,134,35,54
1519,2,0,3,3,38,4,22,3,3,3
9080,2,0,3,3,38,4,22,3,3,3
1772,2,0,5,7,1074,37,518,193,92,129
5341,2,0,6,4,983,76,184,180,138,27
5510,2,0,5,6,262,6,61,0,10,102
3887,2,0,2,3,3,17,26,20,1,39
7022,2,0,2,13,739,107,309,140,80,35
9999,2,0,9,9,610,105,125,137,42,21
10352,2,0,3,2,50,4,28,6,3,26
7919,2,0,10,8,1285,105,653,28,21,0
4114,2,0,6,13,650,37,780,27,167,32
7990,2,0,0,3,9,1,2,3,2,0
9888,3,0,4,7,458,81,356,106,50,40
4399,3,0,4,7,458,81,356,106,50,40
4452,3,0,6,6,292,6,37,0,3,34
4785,3,0,6,11,520,7,154,19,0,14
8461,3,0,1,2,14,0,1,0,0,1
3878,3,0,1,3,3,4,7,15,8,11
9612,3,0,1,3,1,8,6,4,8,16
4098,3,0,2,4,20,3,16,0,4,1
158,3,0,8,5,345,53,528,98,75,97
3896,3,0,1,3,22,1,11,0,1,2
9970,3,0,1,6,42,11,57,10,28,14
4002,3,0,7,12,463,96,333,168,53,10
10914,3,0,1,3,4,1,7,2,1,2
7279,3,0,4,4,260,86,559,63,9,67
10582,3,0,5,12,180,32,348,76,32,90
4470,3,0,2,4,62,1,44,6,5,22
6183,3,0,2,4,62,1,44,6,5,22
6379,3,0,2,2,67,1,20,0,2,31
8601,3,0,8,5,421,76,536,82,178,102
4827,3,0,4,9,154,22,202,39,30,8
6715,3,0,6,11,502,19,132,0,6,26
10676,3,0,3,7,145,193,459,205,26,145
1041,3,0,7,6,322,3,50,4,3,42
492,3,0,7,6,322,3,50,4,3,42
11133,3,0,7,6,322,3,50,4,3,42
4491,3,0,3,10,1099,0,45,0,0,34
873,3,0,3,10,1099,0,45,0,0,34
1631,3,0,8,7,890,63,292,0,25,12
8278,3,0,8,5,863,83,547,86,99,33
6815,4,0,7,8,448,21,125,52,101,62
254,4,0,7,7,399,4,30,6,4,30
1349,4,0,3,3,85,7,24,2,3,27
2534,4,0,4,3,97,1,41,6,2,41
2130,4,0,3,3,35,3,67,10,8,24
2296,4,0,1,2,3,2,11,2,2,10
3799,4,0,7,11,315,35,322,46,7,143
11084,4,0,3,7,738,0,232,13,20,50
5172,4,0,3,7,738,0,232,13,20,50
9504,4,0,3,13,179,28,520,111,123,47
850,4,0,6,9,381,28,215,84,28,21
4477,4,0,5,10,247,49,159,7,82,109
1945,4,0,7,7,711,36,217,172,96,168
7685,4,0,2,4,30,8,12,8,8,12
6310,4,0,2,4,30,8,12,8,8,12
10832,4,0,6,6,288,10,30,4,10,125
3025,4,0,6,5,212,6,69,4,12,3
2404,4,0,5,4,173,4,30,3,6,41
8581,4,0,10,8,604,0,100,19,0,28
8755,4,0,3,9,482,34,471,119,68,22
10177,4,0,5,8,531,69,300,150,138,150
2429,4,0,5,8,531,69,300,150,138,150
8920,4,0,11,12,448,40,469,80,0,91
8430,4,0,0,3,9,0,6,3,1,3
8619,4,0,0,3,9,0,6,3,1,3
8996,4,0,7,8,230,42,192,49,37,53
7233,4,0,5,6,496,32,849,229,48,128
6678,5,0,3,4,33,4,24,4,2,5
830,5,0,4,4,784,48,560,42,176,48
6365,5,0,2,3,10,12,12,25,1,20
6770,5,0,2,2,5,13,14,0,5,31
2261,5,0,1,2,4,1,5,2,0,4
1031,5,0,6,10,600,20,350,29,30,33
10089,5,0,6,13,168,148,444,32,172,148
9256,5,0,8,12,493,26,206,116,80,80
10641,5,0,2,3,6,5,4,13,4,25
624,5,0,0,2,6,4,1,7,2,15
4211,5,0,2,3,4,12,5,3,16,17
1407,5,0,2,3,4,12,5,3,16,17
10356,5,0,1,3,29,0,2,0,0,1
9323,5,0,10,7,520,8,223,32,49,42
1146,5,0,10,7,520,8,223,32,49,42
6343,6,0,6,7,835,73,380,114,73,43
8545,6,0,2,10,1296,17,311,45,69,51
8275,6,0,1,2,16,0,3,0,0,1
10673,6,0,6,5,760,80,466,17,13,80
8799,6,0,3,4,70,6,69,2,3,3
67,6,0,2,4,68,0,16,0,0,8
9923,6,0,2,4,68,0,16,0,0,8
2814,6,0,1,3,9,1,5,4,5,7
2711,6,0,1,3,9,1,5,4,5,7
4320,6,0,6,12,325,83,300,86,58,91
10451,6,0,0,3,9,1,3,0,4,8
4198,6,0,0,3,9,1,3,0,4,8
10814,6,0,6,13,303,23,751,82,26,191
944,6,0,4,7,121,103,69,8,44,48
8151,6,0,4,3,16,36,21,20,62,108
6184,6,0,3,8,561,64,785,84,128,48
3498,6,0,7,9,462,61,184,10,53,107
2870,6,0,6,6,376,0,38,11,8,69
7342,6,0,6,12,341,142,113,259,151,66
1911,6,0,11,12,595,97,291,127,133,121
10862,6,0,1,9,179,8,83,19,11,26
2546,7,0,1,4,23,4,5,10,5,23
3005,7,0,4,8,530,117,678,134,44,147
8318,7,0,5,8,594,134,786,33,134,57
2930,7,0,2,10,852,60,207,78,36,48
8216,7,0,4,3,158,0,76,13,7,71
1212,7,0,8,6,384,25,292,130,41,64
2541,7,0,2,3,14,7,11,11,0,5
10659,7,0,3,2,2,8,11,3,8,21
10905,7,0,4,6,194,2,56,0,0,0
8910,7,0,4,6,194,2,56,0,0,0
7349,7,0,3,3,6,17,16,6,16,42
7872,7,0,6,6,179,21,273,0,21,63
4290,8,0,1,2,1,3,8,2,5,5
7408,8,0,5,4,216,2,6,0,0,9
9986,8,0,4,2,16,0,23,3,2,10
8235,8,0,6,10,428,30,214,80,30,61
10949,8,0,5,8,1092,37,592,145,37,55
7284,8,0,1,2,10,0,7,2,0,1
9529,8,0,3,9,559,153,503,218,13,181
9930,8,0,6,13,606,148,228,15,148,22
10270,8,0,3,3,11,5,22,12,5,11
760,8,0,8,9,588,7,76,110,15,15
5519,8,0,6,4,316,58,161,76,51,135
232,8,0,4,10,279,83,88,32,14,34
3009,8,0,5,6,1462,16,128,0,0,160
6518,8,0,7,8,546,0,48,0,6,6
10669,8,0,3,10,277,21,64,62,21,25
5682,8,0,6,11,948,10,86,13,21,21
1570,8,0,7,10,664,9,240,50,19,57
1497,8,0,6,5,268,11,88,15,3,22
9723,8,0,7,13,530,142,217,62,9,56
7261,8,0,5,5,199,33,60,8,3,15
2452,8,0,5,5,199,33,60,8,3,15
5621,8,0,6,5,73,57,100,71,15,0
10995,8,1,3,4,16,5,30,8,7,26
7373,8,0,4,6,96,12,96,33,22,43
5331,8,0,3,7,587,51,898,247,0,86
263,9,0,3,3,56,19,29,2,14,25
4619,9,0,27,0,6,2,3,1,262,3
940,9,0,3,7,158,11,99,15,11,17
10084,9,0,2,2,3,2,8,20,0,17
6019,9,0,1,2,45,3,9,4,4,7
1463,9,0,1,2,8,2,5,3,0,3
6424,9,0,1,3,12,6,2,11,2,16
8233,9,0,7,7,508,5,21,7,5,10
1515,9,0,1,3,11,2,7,4,2,2
10855,9,0,4,8,234,14,77,19,10,42
10909,9,0,5,5,992,24,694,51,19,119
3376,9,0,3,6,125,6,73,8,4,19
10232,9,0,3,7,174,18,81,28,6,24
5547,9,0,7,6,1478,19,403,0,19,0
8362,9,0,7,6,1478,19,403,0,19,0
3524,9,0,5,2,80,1,60,4,6,16
10095,9,0,5,10,1001,12,240,16,12,12
8897,9,0,7,7,392,5,91,28,26,112
466,9,0,4,13,388,14,218,91,14,21
11025,9,0,3,3,65,0,46,4,3,20
2387,9,0,5,4,177,2,71,3,2,20
1618,9,0,10,8,577,0,64,0,0,51
25,9,0,6,7,460,35,422,33,12,153
3277,9,0,7,5,219,3,100,26,0,17
8566,10,0,1,2,5,0,3,0,0,1
2634,10,0,2,3,5,7,31,15,4,7
8036,10,0,2,4,31,1,13,7,2,9
8159,10,0,4,3,117,0,22,13,0,30
7628,10,0,2,4,30,5,24,6,3,8
9597,10,0,7,9,236,106,189,23,41,130
1384,10,0,2,2,6,4,14,8,8,22
10150,10,0,7,7,464,28,873,29,18,37
3885,10,0,1,2,16,2,18,3,0,24
11003,10,0,2,3,2,5,7,0,18,18
8026,10,0,5,5,120,58,73,65,89,58
577,10,0,1,3,9,1,7,0,3,2
8702,10,0,1,3,9,1,7,0,3,2
5429,10,0,4,4,145,1,33,2,1,1
977,10,0,5,8,200,19,111,50,15,19
2793,10,0,7,13,532,88,168,69,44,133
1071,10,0,7,13,532,88,168,69,44,133
5074,10,0,1,3,30,0,10,2,0,5
2632,10,0,5,4,297,0,38,13,0,152
6404,10,0,4,6,151,7,89,0,7,28
10240,10,0,10,6,997,26,269,34,13,42
2521,10,0,1,2,23,1,13,2,2,18
4301,10,0,1,2,23,1,13,2,2,18
7381,10,0,11,6,797,153,293,72,97,30
2407,10,0,6,7,823,25,459,124,29,95
9064,10,0,6,7,823,25,459,124,29,95
5067,11,0,2,11,966,26,282,52,26,26
10281,11,0,5,7,180,60,241,13,54,54
11191,11,0,2,4,37,32,38,11,3,18
1994,11,0,1,2,5,5,6,0,2,1
2552,11,0,6,6,416,0,26,0,0,4
6720,11,0,7,4,314,11,53,4,3,107
4557,11,0,2,2,10,7,19,8,2,21
1183,11,0,1,2,9,1,4,3,2,3
4186,11,0,2,3,18,6,15,12,8,17
1419,11,0,2,3,18,6,15,12,8,17
967,11,0,5,9,342,9,112,19,14,19
1048,11,0,3,4,63,3,67,8,9,28
9262,11,0,1,3,20,6,5,0,9,12
3427,11,0,11,7,629,0,70,0,0,35
5892,11,0,3,5,158,6,45,8,2,2
8911,11,0,5,9,201,53,172,116,77,83
6606,11,0,5,10,964,34,137,15,0,11
2677,11,0,3,6,72,24,68,65,4,8
252,11,0,6,8,123,133,142,71,44,88
9860,11,0,4,4,159,0,22,2,1,31
1388,11,0,2,3,6,10,21,19,14,42
979,11,0,2,3,6,10,21,19,14,42
7494,11,0,6,4,209,0,40,3,2,15
10490,11,0,6,4,100,64,79,65,0,109
3403,11,0,2,12,1170,19,594,99,76,134
2715,11,0,3,2,70,3,37,4,2,64
4828,12,0,5,5,71,99,278,185,121,38
92,12,0,3,4,5,7,24,19,14,20
3312,12,0,3,4,5,7,24,19,14,20
11176,12,0,5,7,376,9,83,19,4,4
1446,12,0,6,12,387,68,569,89,45,68
9699,12,0,6,12,357,35,271,28,28,14
9790,12,0,11,4,912,72,170,47,36,97
2324,12,0,7,11,625,38,242,50,34,76
5080,12,0,6,4,420,0,452,182,64,140
4992,12,0,3,2,6,4,16,3,10,30
7849,12,0,2,13,209,19,456,160,142,66
4808,12,0,1,2,1,2,5,6,0,3
10401,12,1,0,3,1,0,5,0,3,9
7793,12,0,10,7,641,7,84,0,30,38
9303,12,0,1,0,12,4,7,1,3,5
6853,12,0,3,11,712,26,538,69,13,80
7366,12,0,3,11,712,26,538,69,13,80
9780,12,0,8,13,465,25,132,136,0,37
7573,12,0,2,2,39,1,9,2,1,34
1379,12,0,4,4,154,2,46,20,4,15
8923,12,0,6,7,514,22,732,42,198,79
3547,12,0,2,3,14,7,9,6,16,12
8707,12,0,5,4,565,42,548,64,83,99
1891,12,0,4,5,667,50,850,21,83,83
6271,13,0,2,3,53,0,8,0,0,2
9635,13,0,3,3,66,2,40,4,3,14
9727,13,0,2,4,4,24,11,16,1,25
6205,13,0,2,3,34,3,29,0,4,10
10681,13,0,6,12,129,129,259,168,121,83
5156,13,0,6,12,129,129,259,168,121,83
3050,13,0,3,6,185,0,28,3,2,17
8164,13,0,5,7,1023,93,651,49,55,37
5626,13,0,4,9,338,4,89,11,8,13
7600,13,0,1,3,1,3,3,8,1,13
6406,13,0,6,10,647,107,391,175,67,40
7002,13,0,3,8,163,48,90,0,45,52
8234,13,0,1,2,1,6,7,0,1,3
6116,13,0,1,3,19,13,18,10,7,8
291,13,0,3,6,182,74,298,162,149,116
8779,13,0,4,3,56,4,76,17,1,18
4931,13,0,0,0,1,0,1725,2,1,1
1650,13,0,5,12,779,86,537,34,69,138
9701,13,0,4,3,32,34,41,73,16,116
6431,13,0,2,3,42,1,18,3,0,4
10789,13,0,2,3,42,1,18,3,0,4
5302,13,0,4,5,298,27,697,216,24,166
4459,13,0,1,3,10,4,14,4,4,1
10642,13,0,1,3,10,4,14,4,4,1
9213,13,0,1,2,4,1,5,2,0,3
3678,13,0,8,7,488,23,71,15,0,59
3698,13,0,4,8,817,185,687,145,55,241
5929,14,0,2,3,19,3,19,3,1,3
10795,14,0,2,3,19,3,19,3,1,3
4390,14,0,5,12,459,15,171,142,23,31
9362,14,0,9,7,492,5,32,13,5,21
1577,14,0,4,4,558,79,622,207,175,95
4609,14,0,8,6,383,0,53,6,4,40
7143,14,0,4,10,209,162,209,41,162,37
1729,14,0,3,10,1043,24,97,32,24,157
10664,14,0,9,5,400,4,35,6,0,22
5029,14,0,0,3,3,1,2,4,3,1
10507,14,0,2,7,691,7,69,0,7,23
3865,14,0,3,2,2,12,10,6,13,30
6982,14,0,4,9,783,30,537,140,76,15
7042,14,0,2,2,3,3,14,15,21,10
9668,14,0,2,4,4,16,20,0,17,20
6878,14,0,4,6,43,12,96,78,40,55
4099,14,0,1,3,10,2,16,11,2,21
5031,14,0,5,11,777,35,731,39,137,114
1970,14,0,3,3,63,0,21,7,0,12
5726,15,1,3,4,16,7,23,0,8,6
5231,15,0,1,3,27,2,7,0,2,13
1307,15,0,3,4,27,5,8,8,3,12
10609,15,0,1,4,71,0,13,3,1,0
5782,15,0,9,9,402,35,106,101,77,42
7533,15,0,4,4,144,1,32,2,1,7
9493,15,0,5,8,840,53,804,23,71,17
2253,15,0,1,4,32,0,8,23,4,18
2326,15,0,1,4,32,0,8,23,4,18
1876,15,0,1,4,32,0,8,23,4,18
7141,15,0,5,2,88,10,46,2,3,64
7393,15,0,2,3,56,5,24,4,0,3
4713,15,0,2,4,74,0,42,2,1,6
5093,15,0,3,3,40,3,30,10,7,11
8524,15,0,3,3,40,3,30,10,7,11
3766,15,0,9,8,100,71,243,108,94,219
9725,16,0,1,2,8,0,3,0,0,1
8933,16,0,2,4,26,3,23,4,7,3
10779,16,0,1,3,15,5,14,0,4,11
9289,16,0,2,2,29,1,17,0,3,13
2613,16,0,1,6,162,6,37,6,13,13
10133,16,0,6,12,1302,68,731,89,114,45
8443,16,0,3,2,6,10,12,3,15,40
10796,16,0,1,3,47,1,6,0,0,12
10241,16,0,1,2,0,0,0,6,2,6
3388,16,0,6,5,129,26,67,3,67,2
6507,16,0,1,4,16,11,15,2,0,12
7446,16,0,6,10,520,42,98,0,42,14
87,16,0,2,3,0,7,5,26,2,17
10477,16,0,3,2,71,0,18,0,0,13
6072,16,0,5,6,918,57,842,99,38,133
2518,16,0,0,2,5,4,5,4,2,10
247,16,0,7,4,172,10,125,21,13,16
9463,16,0,9,7,931,56,253,91,98,14
1459,16,0,5,5,666,35,124,69,8,26
9530,16,0,1,2,5,3,4,4,1,0
9653,16,0,2,3,27,1,14,4,1,21
10785,17,0,2,3,24,1,10,2,0,4
9392,17,0,1,2,4,1,11,0,0,1
3769,17,0,1,3,25,1,13,0,0,3
10146,17,0,1,3,25,1,13,0,0,3
4741,17,0,6,9,391,32,70,21,32,16
1880,17,0,2,3,81,0,6,0,0,6
6471,17,0,2,4,14,2,30,8,2,3
5718,17,0,5,6,674,168,108,192,42,231
3478,17,0,7,9,267,42,309,55,42,21
7848,17,0,5,3,224,2,25,7,0,110
7999,17,0,5,5,1239,17,413,23,34,17
11101,17,0,11,8,412,22,132,59,28,183
9212,17,0,6,13,1205,0,235,19,14,205
10983,17,0,6,13,304,98,230,150,74,74
3629,17,0,3,3,76,3,31,4,4,27
4673,17,0,10,5,1004,12,145,32,12,36
796,17,0,11,8,584,44,212,46,8,177
618,17,0,7,12,422,7,238,69,46,15
380,17,0,11,9,1170,48,320,42,32,192
1092,17,0,9,4,269,129,495,182,43,29
8962,18,0,2,3,26,0,8,0,0,3
8207,18,0,1,3,28,0,9,3,0,0
6521,18,0,4,9,613,22,319,33,102,12
535,18,0,3,13,163,23,424,27,65,76
4608,18,0,3,13,163,23,424,27,65,76
11086,18,0,1,3,1,6,2,3,6,3
1064,18,0,1,3,22,1,11,0,5,3
7000,18,0,2,10,279,172,74,38,8,246
1581,18,0,1,2,2,0,8,2,2,3
7384,18,0,7,7,113,61,204,34,26,47
10552,18,0,4,7,70,54,109,80,9,45
6409,18,0,7,7,267,140,599,34,12,127
9507,18,0,6,5,261,23,73,4,23,50
9560,18,0,7,8,856,61,570,40,25,122
10991,18,0,5,4,454,194,106,31,22,43
4712,18,0,1,4,8,8,22,24,11,9
11056,18,0,3,10,546,91,410,119,0,22
7414,18,0,3,4,96,1,42,12,3,32
3076,18,0,4,12,452,18,102,16,18,6
6355,19,0,2,4,20,0,14,7,3,1
7959,19,0,3,5,658,80,483,123,13,13
5512,19,0,7,8,451,0,39,0,4,24
10102,19,0,5,5,395,183,565,166,141,28
9369,19,0,11,10,688,14,309,201,24,38
3711,19,0,6,10,1035,134,670,25,38,0
6931,19,0,8,4,464,151,292,65,60,30
9596,19,0,3,13,365,32,117,34,110,6
2727,19,0,3,6,181,21,69,39,3,96
8416,19,0,2,3,6,6,15,10,5,2
3967,19,0,2,13,331,197,170,58,152,35
2139,19,0,2,3,3,1,10,3,2,12
2162,19,0,3,10,256,34,103,90,29,49
9242,19,0,6,9,836,185,575,24,25,77
10595,19,0,2,3,2,6,28,13,4,16
4855,19,0,3,2,14,0,24,3,3,2
5049,19,0,3,2,14,0,24,3,3,2
4967,19,0,5,5,233,0,23,0,0,12
5255,19,0,27,0,5,1,3,3,263,362
9215,19,0,6,6,378,0,101,0,0,72
3525,19,0,1,2,12,0,4,0,0,1
3619,19,0,5,8,345,25,501,63,138,80
4415,19,0,1,3,10,4,4,3,3,14
3645,19,0,2,4,19,3,26,10,9,3
4692,19,0,4,2,7,0,12,13,7,32
3955,20,0,0,0,2,1,1,1,0,1
5313,20,0,2,4,30,0,11,0,0,3
7196,20,0,0,3,9,0,3,0,0,1
1381,20,0,6,5,172,3,115,16,0,18
10951,20,0,3,8,279,0,18,0,0,9
4322,20,0,4,10,881,38,319,16,25,12
7444,20,0,1,3,19,0,9,0,0,2
2942,20,0,5,4,305,3,27,4,3,144
2874,20,0,1,3,6,4,7,4,3,8
3667,20,0,8,11,778,178,689,41,27,44
3697,20,0,3,4,69,8,26,12,7,12
9955,20,0,3,4,69,8,26,12,7,12
5320,20,0,3,4,79,7,58,6,3,18
6422,20,0,5,5,344,189,482,50,33,172
3690,20,0,7,10,1184,102,673,52,40,40
2408,20,0,7,9,490,0,184,10,28,21
9260,20,0,10,9,1349,16,249,43,16,33
9648,20,0,5,4,153,4,56,0,9,31
4939,20,0,4,6,84,5,38,150,12,28
8652,20,0,4,6,84,5,38,150,12,28
4702,20,0,4,4,1000,155,379,224,17,120
2587,21,0,2,3,14,0,6,0,0,0
2811,21,0,1,4,52,0,9,0,0,1
9150,21,0,1,4,52,0,9,0,0,1
10127,21,0,8,4,301,11,61,4,7,11
5493,21,0,1,2,15,0,2,0,0,6
2666,21,0,8,11,519,50,167,130,0,41
10099,21,0,5,13,238,115,215,169,69,76
10562,21,0,6,13,620,26,195,34,17,141
7881,21,0,6,13,620,26,195,34,17,141
6721,21,0,6,5,572,19,286,50,38,248
5204,21,0,8,5,380,98,733,110,112,28
5209,21,0,8,7,443,5,71,21,16,82
10128,21,0,5,12,620,16,165,0,24,82
9284,21,0,5,12,620,16,165,0,24,82
8643,21,0,4,12,252,98,827,219,70,196
1685,21,0,4,13,796,14,590,38,44,0
2877,21,0,7,8,410,0,59,19,9,44
8369,21,0,0,2,1,2,7,4,3,11
6233,21,0,9,10,507,19,364,25,47,9
195,21,0,5,4,125,17,52,3,19,30
1501,21,0,0,1,55,16,1622,17,3,4
10846,22,0,7,8,327,9,125,25,4,139
8341,22,0,1,2,15,0,6,0,1,12
10766,22,0,4,8,397,19,69,12,0,9
9971,22,0,4,8,397,19,69,12,0,9
1740,22,0,7,4,760,38,104,50,9,38
8737,22,0,2,3,29,1,9,2,0,2
6466,22,0,2,4,105,0,9,2,1,4
10430,22,0,4,4,1126,28,211,37,28,42
8773,22,0,5,6,280,0,18,0,0,24
2371,22,0,2,4,39,1,22,3,4,12
7786,22,0,3,4,68,7,59,10,5,11
4088,22,0,3,4,108,1,28,13,1,4
4971,22,0,3,4,108,1,28,13,1,4
10560,23,0,1,3,16,1,2,0,0,1
6892,23,0,10,6,641,7,56,0,0,28
11004,23,0,1,2,8,0,5,7,0,2
1818,23,0,2,2,25,0,8,0,1,4
9485,23,0,2,6,102,9,49,24,3,12
6646,23,0,1,3,3,0,5,13,0,1
4248,23,0,4,9,1000,19,711,125,115,38
7451,23,0,4,9,1000,19,711,125,115,38
7861,23,0,8,6,820,57,242,45,0,11
5232,23,0,4,5,86,12,75,33,15,6
3011,23,0,4,5,86,12,75,33,15,6
5758,23,0,10,13,1074,0,69,0,0,46
2173,23,0,1,3,13,6,7,0,3,3
10711,23,0,3,12,217,77,373,111,23,93
8268,23,0,6,7,352,0,27,10,0,15
2782,23,0,6,7,352,0,27,10,0,15
9432,23,0,3,3,9,14,18,8,1,12
5872,23,0,4,10,240,90,216,63,6,24
11187,23,0,2,3,2,8,10,12,14,23
2428,23,0,2,4,3,18,26,11,8,12
1726,23,0,1,2,3,9,15,13,2,39
1802,23,0,3,12,412,5,119,38,29,77
1162,23,0,5,11,124,83,267,85,59,35
10643,23,0,5,11,124,83,267,85,59,35
11112,23,0,5,8,736,114,279,82,76,190
2114,23,0,7,12,1006,22,115,59,68,45
4261,23,0,7,12,1006,22,115,59,68,45
2457,23,0,1,3,8,4,5,15,2,11
2495,24,0,4,10,217,38,350,111,85,15
6983,24,0,2,3,23,2,17,2,1,0
3436,24,0,1,3,11,0,5,2,1,1
7505,24,0,1,2,22,1,9,0,0,14
4286,24,0,7,6,580,6,58,8,0,27
7224,24,0,1,2,10,0,10,3,1,7
6215,24,0,1,2,10,0,10,3,1,7
968,24,0,4,4,112,19,21,16,14,5
4096,24,0,4,4,112,19,21,16,14,5
3153,24,0,1,2,11,0,4,0,0,2
6504,24,0,2,3,2,5,9,28,6,28
5329,24,0,0,3,8,0,3,0,0,0
1175,24,0,3,3,88,39,54,64,28,153
1377,24,0,4,5,182,4,33,0,0,66
4607,24,0,4,7,227,23,389,42,21,75
4944,24,0,4,7,227,23,389,42,21,75
9483,24,1,4,8,290,59,177,77,5,29
1378,24,0,7,6,284,16,160,84,16,134
5991,24,0,5,4,173,2,39,3,2,47
2807,24,0,8,7,656,38,161,62,47,37
1052,24,0,8,7,656,38,161,62,47,37
9760,24,0,10,10,953,0,71,0,0,174
7101,24,0,10,10,953,0,71,0,0,174
9909,24,0,3,3,3,18,14,15,22,50
5907,24,0,1,2,8,0,8,0,0,2
793,24,0,2,3,18,3,17,3,0,4
8832,24,0,3,4,37,5,56,12,8,5
2535,24,0,6,8,163,0,480,0,126,75
1523,25,0,2,4,69,2,15,2,2,6
1839,25,0,3,4,56,7,48,10,2,18
9972,25,0,1,3,38,0,2,0,0,6
2945,25,0,1,3,38,0,2,0,0,6
9291,25,0,0,3,8,2,4,0,0,1
2829,25,0,9,8,626,0,70,0,7,28
8594,25,0,3,3,112,0,6,2,1,14
1592,25,0,4,5,547,99,812,151,82,33
4310,25,0,5,5,507,93,520,242,40,26
6950,25,0,2,3,35,1,16,0,1,1
8492,25,0,8,10,795,0,545,95,58,0
5684,25,0,2,3,56,0,9,0,0,3
5909,25,0,3,8,895,10,101,13,0,152
9855,25,0,6,13,899,0,101,0,0,20
975,25,0,4,5,178,4,26,8,4,44
8754,25,0,1,2,14,0,3,0,0,3
1456,25,0,10,12,265,199,303,234,9,170
2849,25,0,10,12,265,199,303,234,9,170
9984,25,0,8,4,349,16,144,28,5,182
5527,25,0,2,3,4,12,11,3,13,15
5628,25,0,10,10,848,154,323,201,61,78
7627,25,0,5,5,817,183,797,106,163,20
1351,25,0,7,13,962,12,194,16,24,12
10629,25,0,3,3,25,3,43,17,4,17
10395,25,0,3,3,1,45,3,4,6,42
6961,26,0,1,2,1,1,5,0,3,1
10196,26,0,8,8,212,123,177,15,64,23
6182,26,0,2,4,11,4,20,10,3,5
10432,26,0,1,3,2,0,9,3,6,2
1542,26,0,4,8,347,0,35,4,3,7
4220,26,0,2,3,73,0,13,0,1,0
4141,26,0,8,10,426,49,127,111,21,42
1940,26,0,1,2,1,3,4,2,2,6
1506,26,0,2,4,48,9,45,3,15,20
6347,26,0,1,3,1,1,4,11,9,10
1361,26,0,3,8,1076,68,103,29,91,68
9422,26,0,2,4,36,2,42,20,21,10
1081,26,0,6,5,733,9,180,12,19,66
7458,26,0,3,3,39,2,25,4,3,24
1012,26,0,8,10,523,7,134,37,14,169
5453,26,0,4,12,1083,108,649,253,151,108
6818,26,0,5,5,98,0,106,49,10,106
7807,26,0,5,5,98,0,106,49,10,106
7532,26,0,3,4,99,2,11,4,0,16
8346,26,0,6,2,138,15,35,25,11,72
5564,26,0,7,6,509,133,497,78,24,97
3267,27,0,8,8,527,0,21,0,0,60
3091,27,0,7,8,340,21,134,258,14,56
762,27,0,7,8,340,21,134,258,14,56
8029,27,0,3,7,1184,32,352,21,16,16
4376,27,0,2,3,10,24,15,13,1,30
10981,27,0,3,10,434,137,400,45,137,45
486,27,0,3,10,434,137,400,45,137,45
1158,27,0,3,4,102,1,15,2,0,24
9119,27,0,3,7,208,17,76,36,17,38
6694,27,0,8,13,438,66,400,12,38,114
10573,27,0,6,4,125,16,98,134,21,27
10140,27,0,5,4,1308,0,396,23,0,0
2286,27,0,2,3,64,1,21,0,1,27
8420,27,0,2,4,7,4,13,15,8,17
10065,27,0,2,4,7,4,13,15,8,17
1029,27,0,5,5,200,5,44,0,10,20
4207,27,0,6,11,1001,44,107,58,44,44
10277,27,0,1,3,36,0,2,0,0,4
4436,27,0,2,4,18,42,24,15,20,18
2929,27,0,2,4,18,42,24,15,20,18
6281,27,0,6,5,673,0,199,37,47,26
10390,27,0,1,3,6,7,4,3,4,6
2574,27,0,6,8,1050,12,144,0,0,24
709,27,0,2,11,787,20,204,0,0,92
5955,27,0,4,8,833,33,549,151,133,233
8486,27,0,9,4,284,0,52,8,3,20
10343,27,0,3,8,605,91,399,0,45,205
6652,28,0,3,9,227,151,573,98,54,31
8746,28,0,2,10,800,0,297,0,34,57
4686,28,0,6,13,861,31,558,62,95,79
3551,28,0,2,5,62,1,57,19,11,48
4338,28,0,1,3,23,0,9,0,0,12
4444,28,0,2,3,11,0,16,7,6,21
498,28,0,1,4,25,0,22,2,3,5
8230,28,0,2,3,22,2,31,7,4,5
2826,28,0,2,3,25,0,8,2,0,2
6222,28,0,2,3,25,0,8,2,0,2
7352,28,0,3,6,161,28,136,32,3,45
10928,28,0,7,7,315,4,62,41,31,146
10736,28,0,6,5,522,0,522,227,120,134
10163,28,0,8,7,712,50,420,65,38,38
6168,28,0,1,2,33,0,5,0,0,15
4656,28,0,10,4,342,32,230,34,32,40
626,28,0,1,3,22,2,12,0,2,5
3870,28,0,7,13,359,35,314,93,116,89
6299,28,0,6,4,324,48,186,39,18,198
7798,28,0,7,5,233,20,57,8,20,91
9973,28,0,7,8,370,9,92,6,9,4
4299,28,0,11,5,1001,17,572,93,125,17
10971,28,1,7,3,173,8,107,7,2,176
9931,29,0,0,0,5,0,1,1,1,1
6679,29,0,0,3,10,3,3,0,0,0
5961,29,0,1,3,8,4,20,6,3,16
6255,29,0,4,7,138,39,63,55,18,21
8614,29,0,4,10,245,19,125,37,67,14
7828,29,0,3,5,68,129,396,188,22,15
1277,29,0,10,10,434,22,388,104,22,34
3595,29,0,6,12,631,43,239,128,76,21
5735,29,0,3,10,1156,120,915,94,144,96
5350,29,0,3,10,1156,120,915,94,144,96
4137,29,0,7,4,398,40,367,119,122,30
6357,29,0,7,7,230,35,75,63,57,31
9316,29,0,1,3,2,0,7,3,7,10
3578,29,0,3,6,122,21,43,25,10,15
153,29,0,1,3,19,3,6,4,2,12
10524,29,0,2,5,386,23,95,54,41,196
1518,29,0,9,7,379,6,157,25,91,91
2036,29,0,4,8,243,11,119,10,3,15
9495,29,0,2,6,358,108,413,141,97,32
2631,29,0,2,6,358,108,413,141,97,32
6312,29,0,10,13,258,107,291,84,37,86
615,29,0,5,4,65,36,74,38,20,110
4406,29,0,9,8,846,84,352,91,56,42
10061,29,0,9,12,724,17,143,0,8,196
10619,29,0,7,7,770,29,890,250,27,24
4945,29,0,10,12,815,10,239,28,10,108
1777,29,0,2,3,2,2,11,41,7,11
4023,29,0,3,2,16,17,19,20,21,22
7922,29,0,11,10,819,0,72,12,0,63
10699,30,0,3,3,46,0,40,3,0,3
7516,30,0,2,3,5,3,11,12,5,9
3129,30,0,2,3,5,3,11,12,5,9
5121,30,0,7,5,479,5,82,7,17,171
2186,30,0,5,6,938,142,754,159,81,183
10548,30,0,3,12,283,17,372,138,106,44
6384,30,0,5,11,909,12,278,0,12,242
2625,30,0,3,7,156,29,56,30,32,47
1676,30,0,4,5,213,2,44,0,2,5
5534,30,0,3,3,123,1,26,2,0,72
6859,30,0,4,3,37,4,24,16,9,9
271,30,0,3,3,154,0,50,6,11,37
7699,30,0,3,3,154,0,50,6,11,37
7832,30,0,8,7,940,44,396,0,88,58
938,30,0,2,2,51,1,7,2,1,25
7873,30,0,4,7,141,11,114,15,14,5
9967,30,0,6,7,160,15,196,15,11,50
1087,30,0,4,2,16,14,36,37,22,48
8314,30,0,5,7,557,129,761,29,185,111
3762,30,0,3,8,196,0,512,33,130,54
10383,30,0,5,10,295,35,482,121,120,40
6798,30,0,5,8,231,7,137,4,15,39
4168,30,0,5,8,231,7,137,4,15,39
6690,30,0,3,3,38,4,22,4,2,20
10602,30,0,3,4,29,12,59,19,1,36
3220,30,0,3,4,29,12,59,19,1,36
5424,30,0,3,4,29,12,59,19,1,36
7488,30,0,5,13,420,15,186,151,38,15
5289,30,0,1,2,8,4,12,15,4,29
347,30,0,7,5,229,27,71,13,3,34
5236,30,0,10,8,1230,0,396,232,178,158
9478,30,0,4,6,91,64,128,65,3,50
477,31,0,4,10,1060,61,835,80,20,101
7411,31,0,1,3,11,0,5,0,0,1
3107,31,0,4,7,121,24,124,24,15,42
7437,31,0,1,4,13,0,8,2,1,5
255,31,1,1,3,17,0,2,0,0,2
3790,31,0,1,2,8,1,5,0,0,1
749,31,0,3,3,46,7,59,2,4,27
1503,31,0,0,1,85,1,16,2,1,2
8650,31,0,1,3,5,6,10,6,5,10
607,31,0,8,7,302,29,131,32,0,27
1008,31,0,7,13,728,17,133,11,8,124
9396,31,0,1,2,9,0,6,4,1,5
933,31,0,1,2,9,0,6,4,1,5
5710,31,0,2,4,110,0,5,2,0,3
2882,31,0,3,9,711,28,142,49,18,47
2379,31,0,3,5,778,44,499,95,73,146
5342,31,0,1,3,0,1,3,10,6,9
3262,31,0,2,13,995,112,417,42,48,41
5832,32,0,3,13,493,183,352,184,23,28
5025,32,0,2,4,23,17,23,43,20,9
569,32,0,5,7,704,129,853,120,74,111
3102,32,0,1,3,2,3,12,3,5,7
9449,32,0,5,11,415,5,124,15,35,11
8104,32,0,5,5,241,0,12,0,0,25
75,32,0,8,5,34,11,137,179,61,45
6421,32,0,4,9,1050,178,555,77,138,118
3037,32,0,5,7,135,46,92,65,61,11
4698,32,0,5,7,135,46,92,65,61,11
948,32,0,1,2,4,7,7,6,4,13
6177,32,0,4,4,76,10,56,3,1,23
3517,32,0,3,3,50,4,44,10,10,43
3491,32,0,11,8,384,60,364,119,101,232
7610,32,0,6,5,275,0,86,10,23,66
4377,32,0,7,3,254,10,44,30,10,227
9850,32,0,0,3,3,6,7,0,0,3
5544,32,0,7,5,957,40,175,158,53,107
6497,32,0,6,5,293,6,23,13,6,92
4543,32,0,2,9,777,129,573,216,21,203
5117,32,0,4,8,63,151,137,153,19,53
1448,33,0,2,4,21,12,12,0,3,3
6887,33,0,8,8,245,16,223,21,43,16
7500,33,0,8,8,245,16,223,21,43,16
2724,33,0,0,2,12,0,1,0,0,6
2256,33,0,1,3,17,0,3,0,0,1
1100,33,0,3,3,24,4,22,0,2,9
7725,33,0,4,7,173,26,255,35,71,81
2612,33,0,7,12,754,160,625,63,32,48
113,33,0,1,3,11,0,7,3,1,6
2868,33,0,2,3,20,1,28,3,3,2
4216,33,0,7,9,822,114,108,179,137,114
199,33,0,4,7,219,3,60,12,9,12
359,33,1,8,6,373,14,83,6,9,19
8842,33,0,2,3,15,0,12,7,3,7
2154,33,0,2,3,15,0,12,7,3,7
6050,33,0,6,13,1171,43,219,19,14,47
9204,33,0,4,6,371,159,194,58,106,141
4472,34,0,1,3,23,0,8,6,2,18
6864,34,0,3,3,8,4,10,2,2,4
10617,34,0,3,3,8,4,10,2,2,4
3924,34,0,8,12,801,0,80,0,0,35
5654,34,0,2,3,20,4,10,6,4,17
9216,34,0,2,3,23,2,11,3,1,4
8086,34,0,2,3,48,0,2,0,0,5
9097,34,0,3,8,244,8,32,7,2,50
7631,34,0,5,10,562,58,168,43,16,142
7275,34,0,2,4,79,1,31,4,4,12
8334,34,0,2,4,79,1,31,4,4,12
1987,34,0,2,3,1,10,11,19,3,15
2281,34,0,1,2,4,3,7,0,3,11
7034,34,0,2,3,8,7,9,13,6,12
2797,34,0,9,9,707,20,171,65,60,50
3934,34,0,7,8,356,0,107,19,9,117
2493,34,0,7,8,356,0,107,19,9,117
3759,34,0,7,11,743,19,181,12,0,200
965,34,0,7,7,235,65,164,50,49,27
7378,34,0,10,6,393,5,136,7,5,27
1859,34,0,7,5,721,111,925,97,18,18
6263,34,0,2,4,28,9,37,12,7,13
2072,34,0,4,9,896,10,101,13,10,34
8908,35,0,3,5,217,76,690,50,26,38
738,35,0,3,4,48,13,57,24,15,25
10129,35,0,3,12,482,147,509,104,107,107
807,35,0,6,4,167,2,89,0,0,34
3334,35,0,5,9,879,143,797,106,143,143
5423,35,0,1,2,6,0,5,2,1,2
4426,35,0,7,6,367,4,51,6,4,95
10489,35,0,6,9,693,21,925,31,24,84
2570,35,0,10,7,691,7,61,10,0,46
3834,35,0,8,11,231,161,215,171,30,53
590,35,0,5,4,816,66,549,216,66,99
4791,35,0,1,3,19,1,17,2,0,2
5304,35,0,1,3,24,0,8,0,0,1
2426,35,0,5,13,483,74,114,169,37,18
35,35,0,2,3,32,1,64,16,12,85
8041,35,0,3,10,595,71,153,120,112,41
3584,35,0,5,5,1181,26,120,17,13,39
7718,36,0,1,5,244,51,270,101,0,45
8605,36,0,2,3,48,0,14,0,0,6
1646,36,0,1,3,4,9,12,11,2,8
9206,36,0,5,12,491,48,231,112,105,134
10757,36,0,1,2,4,2,5,2,0,0
6885,36,0,2,3,38,0,12,3,1,1
907,36,0,5,7,254,6,71,4,0,27
1150,36,0,4,4,755,144,562,104,64,224
3867,36,0,9,13,410,112,420,0,82,71
3859,36,0,9,13,410,112,420,0,82,71
3265,36,0,1,3,21,1,9,7,3,5
4418,36,0,7,12,671,47,655,145,111,15
4611,36,0,9,13,1009,181,104,202,21,207
4530,36,0,3,10,972,19,595,180,26,138
7736,36,0,2,2,11,7,12,2,2,27
9949,36,0,3,6,598,16,141,32,41,49
942,36,0,7,3,139,13,78,20,13,36
6181,36,0,8,11,488,21,238,56,108,28
7660,37,0,1,2,15,0,8,4,2,20
2055,37,0,1,2,15,0,8,4,2,20
5107,37,0,1,2,15,0,8,4,2,20
1626,37,0,1,2,15,0,8,4,2,20
6428,37,0,1,7,605,10,345,84,54,32
9617,37,0,1,3,0,4,5,6,0,4
4339,37,0,5,12,702,17,151,0,8,35
7235,37,0,2,4,2,5,12,4,8,7
8527,37,0,6,6,239,7,119,4,15,11
1968,37,0,1,2,5,1,5,10,0,7
9862,37,0,2,3,1,6,7,11,5,3
11075,37,0,3,5,183,2,64,7,2,12
6658,37,0,11,12,771,51,154,54,10,154
4552,37,0,3,3,83,2,101,64,26,117
10377,37,0,6,5,170,6,97,24,12,88
5336,37,0,1,1,39,1,9,2,0,8
10350,37,0,1,3,33,0,5,0,0,0
11071,37,0,3,6,450,133,951,173,0,216
11100,37,0,2,3,51,2,7,0,1,2
6516,37,0,1,2,0,0,1,7,4,6
1734,37,0,3,4,59,0,11,4,2,5
2131,37,0,9,6,1063,89,102,16,12,25
6439,37,0,11,8,789,0,133,0,28,152
10591,37,0,4,4,63,10,83,7,19,19
9797,38,0,3,8,228,19,130,4,11,51
9336,38,0,6,10,512,0,83,0,0,41
2174,38,0,1,2,11,1,6,2,1,6
3197,38,0,6,8,275,59,107,69,101,59
9185,38,0,4,5,452,20,514,13,30,0
905,38,0,4,3,7,17,18,6,10,26
10858,38,0,9,7,355,30,177,90,138,30
8925,38,0,8,10,512,53,98,81,179,89
2499,38,0,5,10,204,97,97,21,118,26
1109,38,0,1,2,6,0,5,0,0,1
326,38,0,5,6,235,6,45,8,9,12
10967,38,0,2,4,33,6,40,3,7,10
5370,38,0,7,6,239,3,141,0,7,23
2098,38,0,1,2,11,0,5,0,0,1
1773,38,0,2,3,5,6,15,11,7,13
5036,38,0,4,3,252,3,42,4,3,102
4856,38,0,7,10,556,54,845,202,133,63
8722,38,0,7,10,556,54,845,202,133,63
2156,38,0,2,4,27,0,10,0,0,4
2569,38,0,1,3,3,14,17,6,1,5
10151,38,0,4,12,317,46,247,151,46,139
10473,38,0,6,9,158,19,288,25,0,38
7079,38,0,9,12,897,23,207,15,11,92
6875,38,0,7,5,167,13,180,86,13,70
6728,38,0,1,3,16,0,17,6,3,6
2471,39,0,3,6,48,58,68,16,66,43
49,39,0,1,2,2,3,6,4,1,9
4973,39,0,1,2,2,3,6,4,1,9
6387,39,0,2,3,42,0,17,0,0,18
5866,39,0,4,4,97,3,66,12,7,34
8523,39,0,4,3,24,1,16,12,2,5
7901,39,0,0,3,9,1,5,2,1,4
898,39,0,3,4,38,15,54,3,8,29
10242,39,0,2,4,56,0,11,0,0,8
5835,39,0,2,4,21,2,28,3,2,9
6919,39,0,2,3,4,7,15,13,9,15
6197,39,0,3,3,37,0,17,0,0,3
10475,39,0,4,6,187,5,65,26,20,14
4201,39,0,4,8,229,7,137,4,0,91
5092,39,0,7,7,380,0,47,6,0,34
6566,39,0,5,12,826,50,317,50,38,38
6613,39,0,8,8,513,7,133,46,14,14
9094,39,0,7,3,313,15,47,20,0,192
9847,39,0,7,3,313,15,47,20,0,192
10767,40,0,3,12,760,40,480,0,40,26
7943,40,0,1,3,18,0,6,3,3,5
1055,40,0,1,3,29,0,8,2,0,6
1458,40,0,3,3,8,3,19,3,3,8
8402,40,0,7,8,329,35,222,130,35,43
6246,40,0,3,8,703,102,601,0,58,43
4654,40,0,3,5,571,12,523,63,60,24
6103,40,0,2,3,40,15,15,17,6,7
8147,40,0,2,3,28,0,11,0,0,9
10207,40,0,1,2,5,1,8,0,0,1
4838,40,0,1,2,5,1,8,0,0,1
10219,40,0,1,3,6,2,15,6,6,3
2176,40,0,5,6,1218,16,272,104,0,80
9121,40,0,5,6,1218,16,272,104,0,80
5802,40,0,2,4,2,7,11,16,12,27
10790,40,0,1,2,9,0,5,0,0,7
178,40,0,8,11,478,0,193,110,75,117
2308,40,0,6,5,110,5,137,26,23,29
7431,40,0,7,5,1332,17,311,23,51,86
9405,40,0,3,4,84,3,61,2,1,21
10525,40,0,1,2,10,0,8,0,0,9
7503,40,0,5,9,1032,105,779,137,105,51
8783,40,0,4,9,296,13,104,11,13,17
1403,40,0,1,3,8,4,15,3,5,3
4643,40,0,3,4,8,26,46,38,9,49
3463,41,0,7,13,674,62,134,0,26,8
4055,41,0,3,3,2,10,11,12,9,20
7010,41,0,6,7,635,114,254,132,152,76
4767,41,0,6,7,635,114,254,132,152,76
1927,41,0,4,5,399,27,159,58,8,39
437,41,0,3,11,294,142,218,164,58,151
4331,41,0,3,11,913,26,376,17,26,13
4084,41,0,6,11,224,155,155,192,93,54
8135,41,0,1,3,7,4,23,7,0,11
9750,41,0,10,5,731,60,353,78,12,73
6682,41,0,1,3,2,8,1,4,7,15
10581,41,0,7,4,281,7,84,15,0,119
3710,41,1,2,2,19,0,35,6,4,17
5207,41,0,9,6,489,6,152,8,6,132
9360,41,0,4,5,86,2,73,69,38,48
4679,42,0,7,12,721,0,152,119,50,50
1340,42,0,6,13,551,137,792,179,103,33
10839,42,0,1,3,6,5,5,8,0,5
5303,42,0,6,9,471,0,510,99,21,12
9829,42,0,2,4,22,4,17,12,10,13
10469,42,0,6,9,519,71,860,93,27,53
3602,42,0,3,4,140,3,29,4,5,14
4756,42,0,7,11,176,29,818,0,33,112
8181,42,0,4,3,51,12,49,17,24,24
6958,42,0,1,2,14,0,4,0,0,8
10856,42,0,1,3,31,0,6,0,1,8
3321,42,0,7,7,421,5,90,0,16,10
5394,42,0,1,4,3,9,4,7,8,7
433,42,0,11,6,534,5,47,0,5,41
6320,42,0,6,10,768,44,561,77,44,14
5376,42,0,0,0,1,1,1725,1,1,1
1867,42,0,9,6,652,48,350,94,84,108
4324,42,0,8,7,235,0,235,19,4,191
3661,42,0,4,8,594,51,631,72,55,32
521,42,0,8,7,174,77,203,6,24,97
10403,43,0,3,3,2,13,6,7,5,11
7186,43,0,1,2,24,0,2,0,0,9
4329,43,0,1,3,6,0,6,2,1,1
4394,43,0,5,12,1142,29,249,38,29,14
1717,43,0,5,4,80,15,93,20,13,52
1016,43,0,2,3,41,1,6,2,0,5
3783,43,0,2,4,105,0,10,0,1,0
5848,43,0,5,7,724,74,929,97,55,130
10727,43,0,7,13,1181,107,199,39,30,30
5299,43,0,7,13,1181,107,199,39,30,30
6872,43,0,4,8,284,3,84,4,7,23
1143,43,0,2,3,7,10,13,3,11,11
10381,43,0,1,2,14,0,3,0,0,4
11007,43,0,1,3,26,0,6,0,0,2
9145,43,0,5,6,604,26,470,123,161,94
5267,43,0,1,3,16,2,18,2,1,5
9738,43,0,3,3,65,4,16,0,4,11
10212,43,0,3,3,65,4,16,0,4,11
10010,43,0,3,2,100,2,16,2,1,31
10069,43,0,2,2,2,7,5,2,15,27
2694,44,0,1,3,21,0,3,0,0,0
10613,44,0,3,4,26,1,16,2,2,15
4646,44,0,5,12,207,26,447,75,0,223
6935,44,0,5,12,207,26,447,75,0,223
5596,44,0,9,9,513,14,154,19,0,28
1044,44,0,5,8,299,5,201,21,21,49
9274,44,0,6,9,525,147,112,219,147,63
9076,44,0,4,4,155,1,25,0,1,3
4947,44,0,7,9,606,24,974,197,194,64
10176,44,0,4,8,159,0,120,0,0,137
3507,44,0,2,5,676,161,426,210,44,58
9235,45,0,1,2,7,0,8,2,0,1
10341,45,0,2,5,68,28,39,16,30,41
2639,45,0,3,2,19,5,12,10,3,19
6201,45,1,2,3,22,2,14,0,1,10
7397,45,0,7,9,494,5,82,7,0,100
2181,45,0,3,7,353,61,753,40,46,27
1204,45,0,11,11,1253,0,447,23,71,35
1170,45,0,5,4,50,15,110,39,15,15
8812,45,0,2,3,12,3,8,8,0,17
4690,45,0,8,8,443,10,75,0,10,48
1715,45,0,2,3,9,4,18,7,5,5
10821,45,0,4,5,182,4,33,0,2,42
6543,45,0,3,4,521,168,706,80,76,61
7119,45,0,2,6,395,15,263,60,54,38
3518,45,0,1,2,10,1,18,10,4,7
1245,45,0,4,12,977,12,253,16,12,101
2561,45,0,4,12,977,12,253,16,12,101
9624,46,0,3,6,603,45,207,36,18,54
10509,46,0,3,3,51,0,16,0,0,4
7629,46,0,2,3,5,3,9,6,2,6
7875,46,0,4,13,967,0,617,43,50,0
2815,46,0,4,3,7,5,39,17,15,37
2936,46,0,1,3,18,0,4,0,0,1
3665,46,0,3,3,1,9,8,11,3,22
10888,46,0,8,6,273,11,178,62,83,29
6637,46,0,3,7,277,162,305,173,76,124
5077,46,0,6,11,425,115,292,23,35,79
6173,46,0,6,11,425,115,292,23,35,79
3969,46,0,2,2,35,4,17,7,6,64
4580,46,0,9,9,1394,22,708,89,91,182
663,46,0,1,3,40,2,15,8,0,6
8299,46,0,1,3,40,2,15,8,0,6
8945,46,0,4,4,171,0,11,0,1,20
10870,46,0,9,4,709,43,182,42,118,247
1184,46,0,10,10,554,41,215,11,0,24
6141,46,0,6,5,191,9,97,0,6,82
8825,46,0,9,5,230,14,156,82,24,58
2217,46,0,0,3,11,1,2,2,1,6
4102,46,0,0,3,11,1,2,2,1,6
4653,46,0,3,4,131,0,16,2,1,39
10092,46,0,7,5,1073,0,250,153,14,14
5788,46,0,3,4,56,10,92,19,7,25
4669,46,0,3,4,4,19,9,28,25,17
6295,46,0,11,5,652,8,158,21,0,142
7453,46,0,3,4,157,43,127,68,56,37
10841,46,0,4,8,226,22,133,41,31,31
821,46,0,5,12,962,61,921,52,61,20
3933,46,0,10,6,186,36,234,86,72,48
1225,47,0,3,8,483,84,398,205,84,241
7059,47,0,3,8,483,84,398,205,84,241
5633,47,0,3,6,97,12,84,13,10,15
843,47,0,8,11,303,0,280,60,147,15
6211,47,0,1,3,18,0,9,0,1,11
7007,47,0,3,2,17,3,18,3,4,18
9671,47,0,3,2,14,3,21,2,1,28
8975,47,0,3,2,14,3,21,2,1,28
6616,47,0,3,8,178,3,85,71,66,58
6248,47,0,9,11,1276,24,746,94,29,48
7428,47,0,3,8,240,132,445,250,192,108
3075,47,0,3,7,130,30,168,20,34,0
2937,47,0,8,9,614,16,132,43,33,33
203,47,0,5,9,1288,20,613,80,61,27
2021,47,0,6,13,563,76,384,84,192,89
880,47,0,2,2,2,23,11,8,6,46
524,47,0,2,2,2,23,11,8,6,46
10837,47,0,2,3,2,1,18,20,11,16
7011,47,0,3,4,43,2,27,0,9,12
4184,48,0,3,5,189,2,29,3,2,40
7679,48,0,1,3,6,3,12,6,1,0
7485,48,0,2,4,67,4,32,17,2,16
7530,48,0,2,4,67,4,32,17,2,16
4369,48,0,3,6,240,67,500,199,0,163
10652,48,0,3,6,240,67,500,199,0,163
286,48,0,2,5,95,11,35,0,4,7
5922,48,0,4,5,210,0,6,0,0,2
7250,48,0,7,9,344,35,178,15,23,17
2478,48,0,1,4,2,2,4,13,13,4
1160,48,0,3,3,9,4,17,10,2,7
9214,48,0,5,6,179,2,64,38,17,58
273,48,0,3,4,130,0,16,0,0,5
851,48,0,5,10,306,5,109,21,109,92
9729,48,0,8,7,189,10,253,56,43,64
9665,48,0,5,5,267,3,30,4,0,57
2620,48,0,1,2,14,0,2,0,0,7
8254,48,0,1,2,14,0,2,0,0,7
3852,48,0,9,12,505,72,270,36,27,54
1000,48,0,9,12,505,72,270,36,27,54
3099,48,0,5,4,183,5,65,3,5,49
6318,48,0,9,13,758,12,385,33,89,89
5396,48,0,9,13,758,12,385,33,89,89
7966,48,1,11,11,505,137,401,104,22,22
454,48,0,11,11,824,32,162,42,32,43
309,48,0,8,5,918,21,118,13,10,21
3571,48,0,8,5,918,21,118,13,10,21
8395,48,0,3,12,980,37,265,35,163,31
2591,49,0,6,4,526,35,214,69,53,35
1640,49,0,1,4,66,0,16,0,6,20
810,49,0,4,11,151,81,86,168,91,64
9423,49,0,2,4,13,3,17,7,3,3
4345,49,0,1,2,5,1,9,2,0,4
89,49,0,2,4,5,9,20,6,8,21
5294,49,0,3,4,6,8,19,16,4,4
1321,49,0,3,3,22,2,18,0,2,12
2686,49,0,1,2,0,1,4,15,1,5
1215,49,0,5,7,690,117,499,76,102,88
9283,49,0,0,3,8,1,7,2,0,0
3120,49,1,1,2,6,1,10,0,1,4
5868,49,0,1,3,2,4,9,10,5,16
8143,49,0,4,5,202,2,46,3,2,10
3479,49,0,2,3,4,8,11,12,2,13
7214,49,0,4,5,792,0,275,45,45,126
5543,49,0,7,11,545,7,114,37,21,78
9347,49,0,1,3,31,0,7,2,0,6
10160,49,0,1,3,31,0,7,2,0,6
1406,49,0,6,5,280,7,81,20,0,27
7019,49,0,3,5,109,18,16,24,26,18
2157,49,0,2,4,15,8,16,11,5,22
8939,49,0,5,12,382,138,65,60,26,59
10250,49,0,1,2,1,5,3,7,4,8
1272,49,0,7,10,664,58,83,32,0,66
3007,49,0,1,3,27,2,10,0,0,1
5513,49,0,1,3,27,2,10,0,0,1
679,49,0,1,3,13,4,20,0,0,1
8876,49,0,3,4,132,0,16,0,0,4
10827,49,0,3,4,88,3,21,4,1,29
7300,50,0,8,7,448,4,34,6,4,39
4268,50,0,3,4,129,0,21,0,1,7
4603,50,0,5,10,371,32,189,0,58,6
8659,50,0,6,11,750,71,174,13,10,20
10708,50,0,1,3,10,6,11,0,4,2
1176,50,0,1,2,2,6,4,3,1,9
10380,50,0,3,3,40,1,40,4,3,18
7037,50,0,4,8,194,55,134,15,0,3
11096,50,0,2,7,99,4,32,37,54,6
6374,50,0,5,4,223,2,31,0,2,39
5552,50,0,4,5,81,18,113,47,13,21
2245,50,0,2,4,57,2,51,4,2,23
6200,50,0,6,9,340,108,185,130,38,100
9904,50,0,6,12,336,123,274,46,123,141
10031,50,0,3,4,20,2,23,3,1,4
6642,50,0,2,4,30,5,22,8,9,28
10882,50,0,4,6,407,53,221,58,150,26
5636,50,0,4,3,51,4,50,12,1,49
8692,50,0,4,5,90,17,97,15,6,15
8091,50,0,6,6,423,184,368,13,97,21
8080,50,0,0,3,5,1,6,3,4,3
8370,50,0,7,6,378,97,259,197,194,34
4550,51,0,1,3,61,0,3,0,0,7
3381,51,0,2,4,70,0,16,0,0,4
10556,51,0,6,6,173,13,131,32,3,6
9467,51,0,1,3,3,2,10,3,0,2
2891,51,0,8,4,595,23,123,10,23,154
5011,51,0,8,4,595,23,123,10,23,154
8140,51,0,2,4,10,14,29,4,2,36
11039,51,0,5,4,82,33,54,71,30,41
78,51,0,1,2,15,0,11,0,2,9
5517,51,0,1,2,15,0,11,0,2,9
5290,51,0,5,5,220,0,33,3,0,23
4128,51,0,7,7,517,12,54,16,6,120
8534,51,0,6,13,615,28,259,12,48,30
9592,51,0,2,3,11,2,9,3,0,8
8957,51,0,6,5,480,86,249,75,86,144
9308,51,0,3,6,398,61,265,138,61,53
544,51,0,3,6,398,61,265,138,61,53
5989,51,0,10,11,752,122,476,39,153,34
635,51,0,9,7,464,5,64,7,0,70
6673,51,0,3,3,28,6,27,12,17,39
1710,51,0,6,4,154,20,66,0,12,27
523,51,0,2,4,23,0,26,7,15,3
8977,51,0,0,3,1,3,4,2,3,11
9736,51,0,3,3,53,5,19,2,13,4
1544,51,0,4,10,741,68,689,224,68,103
6575,51,0,9,7,230,48,214,13,32,75
6147,51,0,0,2,5,2,8,2,2,9
6354,51,0,1,2,5,2,16,3,2,19
4769,52,0,8,6,456,4,24,0,0,9
7540,52,0,2,8,143,15,60,24,23,5
5247,52,0,1,4,31,0,6,2,1,5
5987,52,0,1,4,2,2,11,10,6,12
9960,52,0,1,2,0,0,1,8,3,2
10972,52,0,4,6,625,35,169,58,17,35
1399,52,0,3,9,407,114,445,181,165,203
2698,52,0,6,5,254,7,108,20,0,26
6340,52,0,1,3,3,3,7,0,2,11
4107,52,0,4,4,269,15,69,15,19,38
10906,52,0,4,4,269,15,69,15,19,38
2557,52,0,1,2,7,1,6,3,1,11
8786,52,0,6,7,301,7,74,10,0,58
7187,52,0,4,4,375,42,48,94,66,96
6119,52,0,1,2,10,0,3,0,0,4
2980,52,0,3,3,12,0,13,4,2,4
3850,52,0,1,3,3,3,3,15,4,15
1077,52,0,7,4,258,105,239,237,172,9
9733,52,0,1,2,1,4,10,29,0,36
8462,52,0,1,2,1,4,10,29,0,36
4764,52,0,3,4,45,12,52,25,22,13
2223,52,0,8,8,1215,33,249,64,116,149
7788,53,0,0,3,6,0,3,0,0,1
5827,53,0,3,3,36,0,12,2,2,10
2958,53,0,2,4,19,3,10,11,8,6
4954,53,0,4,5,106,27,68,52,7,5
3139,53,0,4,10,871,111,704,145,55,166
9952,53,0,4,5,368,32,639,13,43,10
8180,53,0,6,5,233,2,53,3,5,14
3276,53,0,3,3,11,12,35,3,5,12
4994,53,0,7,13,1193,33,281,129,66,33
3598,53,0,4,12,441,35,83,7,29,11
945,53,0,3,4,87,3,25,3,2,13
5048,53,0,3,2,20,6,43,19,5,38
6214,53,0,2,3,14,10,29,4,7,15
6230,53,0,5,4,110,5,59,7,1,7
2968,53,0,7,5,437,8,206,160,49,42
8800,53,0,7,5,437,8,206,160,49,42
1907,53,0,8,9,965,69,279,54,41,69
10478,53,0,11,6,483,0,108,0,6,36
4188,53,0,5,4,204,5,39,17,0,89
8720,53,0,0,1,32,2,1607,12,4,22
2225,54,0,4,7,510,120,550,156,40,241
4790,54,0,4,5,574,8,216,21,16,33
1131,54,0,2,4,85,0,3,0,0,7
202,54,0,4,7,332,194,377,149,125,57
9589,54,0,4,7,332,194,377,149,125,57
3900,54,0,9,9,642,14,49,0,7,57
9958,54,0,9,9,642,14,49,0,7,57
8955,54,0,1,2,35,0,4,0,0,10
10033,54,0,1,3,2,3,10,11,2,10
5751,54,0,1,3,2,3,10,11,2,10
3308,54,0,2,4,30,9,12,2,11,30
7297,54,0,3,3,5,3,10,12,7,20
8008,54,0,2,4,46,0,30,12,1,30
1232,54,0,4,8,587,54,348,71,54,130
2345,54,0,4,8,587,54,348,71,54,130
1628,54,0,9,4,354,21,311,167,75,32
5081,54,0,1,3,9,0,16,6,6,10
839,54,0,3,4,97,4,44,6,1,18
3706,54,0,2,2,19,8,29,0,12,26
5154,54,0,2,3,26,3,13,2,10,0
8584,54,0,2,7,376,53,462,168,53,53
6583,54,0,6,6,390,22,323,104,35,107
3433,54,0,6,6,390,22,323,104,35,107
10486,54,0,4,8,476,75,162,29,151,97
8687,54,0,2,8,121,62,90,68,20,125
7842,54,0,3,3,18,7,34,10,2,3
3749,54,0,6,12,627,91,597,159,91,15
1331,54,0,2,3,12,6,20,30,1,3
5995,54,0,6,5,165,3,147,4,24,41
8985,54,0,10,10,806,80,161,120,11,33
2798,54,0,7,10,763,29,138,76,176,58
7108,54,0,5,5,205,20,47,23,2,56
2781,55,0,4,6,1003,34,536,134,51,34
3623,55,0,4,3,4,0,16,17,4,4
194,55,0,1,3,23,0,11,3,2,2
10833,55,0,8,13,790,19,133,12,0,19
2315,55,0,1,2,10,0,11,17,29,29
6336,55,0,2,4,13,2,14,8,7,4
10738,55,0,2,3,40,0,19,2,1,3
8286,55,0,3,4,98,1,17,0,1,5
2166,55,0,0,2,12,1,3,0,0,7
10691,55,0,1,2,11,0,10,0,2,20
9739,55,0,2,2,62,0,22,3,1,26
1829,55,0,9,4,1148,0,60,0,0,24
6260,55,0,3,13,984,51,432,180,120,190
10448,55,0,5,5,172,41,86,45,6,27
1343,55,0,8,6,368,24,68,38,0,88
4749,55,0,8,6,368,24,68,38,0,88
531,55,0,8,9,941,14,397,76,58,176
6905,55,0,6,10,241,45,604,34,26,54
1045,55,0,5,4,112,10,107,30,0,20
4012,55,0,7,5,799,12,375,16,12,12
5529,56,0,8,5,406,0,30,0,0,8
4001,56,0,8,5,406,0,30,0,0,8
10420,56,0,4,3,95,14,64,2,9,38
7723,56,0,8,6,709,93,374,104,80,80
2963,56,0,8,6,709,93,374,104,80,80
10634,56,0,4,8,90,67,165,30,43,11
5180,56,0,4,4,128,0,16,0,1,4
6866,56,0,1,3,8,0,14,2,3,7
1328,56,0,4,9,261,42,144,55,48,133
1139,56,0,5,5,1050,14,322,0,14,112
4961,56,0,2,4,29,0,25,2,2,3
5177,56,0,6,6,298,7,68,4,0,19
2075,56,0,3,7,377,10,540,80,30,10
3428,56,0,4,10,919,0,505,99,30,45
4500,56,0,4,10,919,0,505,99,30,45
7369,56,0,2,3,25,6,25,6,0,0
4381,56,0,3,6,163,2,40,8,11,11
9964,56,0,4,8,162,50,100,55,30,27
1630,56,0,4,8,162,50,100,55,30,27
5012,56,0,1,3,5,4,13,8,0,4
6918,56,0,1,3,5,4,13,8,0,4
7822,56,0,4,8,198,18,252,32,108,54
10156,56,0,8,7,215,63,507,231,31,190
3033,56,0,2,3,112,17,44,34,22,89
4119,56,0,2,3,112,17,44,34,22,89
11110,56,0,0,0,2,1,1,0,0,1
332,56,0,4,6,198,2,43,0,12,20
737,56,0,4,5,1493,86,454,112,43,43
10319,56,0,3,11,1090,12,96,16,12,60
2683,56,0,6,12,295,106,271,75,98,65
3445,56,0,7,10,216,162,224,101,92,162
10913,56,0,1,2,3,2,12,0,1,9
4427,56,1,5,12,536,27,590,38,107,67
8717,56,0,11,8,1149,71,449,69,71,26
2066,56,0,2,3,70,0,11,2,8,23
3340,56,0,7,6,244,15,108,4,15,50
8685,56,0,7,6,244,15,108,4,15,50
4149,57,0,5,6,586,66,653,17,0,26
8726,57,0,3,4,77,8,44,10,10,25
2295,57,0,5,13,539,30,92,80,46,38
3283,57,0,6,12,200,193,100,46,185,185
1915,57,0,8,6,794,115,243,150,0,205
800,57,0,1,3,23,1,6,0,0,2
9166,57,0,4,12,387,84,141,73,35,162
5147,57,0,4,13,774,70,118,182,187,93
13,57,0,1,3,19,0,5,0,0,8
8557,57,0,2,3,11,3,22,2,2,6
8724,57,0,2,3,11,3,22,2,2,6
9381,57,0,4,10,328,9,124,12,24,109
9384,57,0,4,10,328,9,124,12,24,109
3560,57,0,4,11,901,31,345,75,31,191
241,57,0,4,11,901,31,345,75,31,191
7521,57,0,4,11,901,31,345,75,31,191
9799,57,0,2,12,866,21,151,28,21,86
5123,57,0,2,3,37,12,23,8,11,52
448,57,0,6,11,308,85,137,102,45,118
4837,57,0,8,13,753,43,226,69,10,204
9365,57,0,11,5,1048,0,217,0,0,12
8932,57,0,9,6,960,28,183,220,70,70
7055,57,0,8,11,888,0,57,0,0,76
3537,57,0,3,4,31,3,31,2,8,4
9081,58,0,1,2,4,1,6,4,1,9
4988,58,0,1,4,19,6,20,0,5,12
1050,58,0,2,4,14,10,13,4,15,9
5610,58,0,1,3,7,3,10,8,1,7
3526,58,0,1,3,32,0,5,0,0,1
5136,58,0,9,8,654,7,92,0,15,30
1411,58,0,2,4,204,34,204,172,153,173
701,58,0,6,8,707,21,250,85,43,73
6203,58,0,6,12,499,149,815,173,49,49
7192,58,1,2,10,172,73,93,95,78,34
5181,58,0,1,2,2,4,2,0,11,5
9220,58,0,8,5,576,172,961,125,115,19
7734,58,0,4,7,471,102,125,212,61,245
10446,58,0,5,7,184,23,446,30,23,23
5524,58,0,8,4,635,88,546,172,88,88
3830,59,0,4,7,295,21,78,39,13,13
5186,59,0,7,9,576,7,115,19,7,7
8514,59,0,1,3,8,0,7,3,1,1
7165,59,0,8,10,381,35,172,56,86,93
10236,59,0,2,3,16,3,25,6,1,13
2392,59,0,3,3,44,4,21,6,0,27
1920,59,0,3,3,44,4,21,6,0,27
3673,59,0,7,11,371,17,238,23,24,106
1453,59,0,9,13,735,40,183,52,20,30
4518,59,0,9,11,386,172,183,185,132,111
8969,59,0,5,11,548,31,422,0,112,28
387,59,0,2,3,6,16,11,11,1,16
1079,59,0,3,9,1000,0,76,0,0,10
164,59,0,5,5,206,0,46,3,2,12
3434,60,0,4,10,483,72,567,94,12,108
5721,60,0,7,6,611,76,749,59,45,26
8418,60,0,2,3,7,10,17,8,6,13
5300,60,0,2,2,19,7,19,0,1,24
10424,60,0,4,9,265,138,553,224,23,92
11171,60,0,6,5,292,3,77,10,3,26
1600,60,0,6,5,292,3,77,10,3,26
7851,60,0,3,11,161,0,253,199,191,122
10701,60,0,7,12,713,0,264,120,80,34
891,60,0,1,2,6,0,2,2,0,1
6912,60,0,6,12,593,30,91,29,22,7
5967,60,0,2,3,26,2,19,10,5,8
2109,60,0,6,10,448,71,951,40,17,17
6292,60,0,4,10,1311,0,359,46,89,17
8537,60,0,3,7,526,80,553,123,94,53
9576,60,0,4,4,86,4,56,2,4,7
5935,60,0,7,8,547,7,140,0,7,63
10264,60,0,1,2,1,2,8,4,3,13
234,60,0,1,2,1,2,8,4,3,13
3202,60,0,4,10,1166,0,48,0,0,36
1103,60,0,4,10,1486,55,278,49,0,185
610,60,0,7,6,349,4,78,6,0,43
4480,61,0,7,5,365,3,15,4,3,11
10660,61,0,8,4,349,7,35,0,0,47
9353,61,0,5,4,515,47,267,62,66,38
4120,61,0,6,4,88,39,78,58,13,93
2836,61,0,1,2,10,1,7,0,0,1
9579,61,0,2,2,53,1,34,2,0,16
5841,61,0,10,8,606,7,155,10,0,54
3174,61,0,5,4,1492,38,287,50,57,33
5536,61,0,5,4,1492,38,287,50,57,33
2061,61,0,2,4,78,0,11,0,0,10
8477,61,0,1,3,5,1,13,3,5,1
640,61,0,7,10,356,80,329,138,17,106
3828,61,0,7,13,533,10,217,198,174,195
4093,61,0,4,5,216,9,57,20,9,125
8624,61,0,4,10,183,33,493,59,103,57
2802,61,0,4,7,196,25,607,67,17,49
368,61,0,3,6,91,65,52,10,44,28
3599,61,0,8,8,575,80,428,208,93,80
3389,61,0,8,13,726,53,363,123,107,161
10710,61,0,1,2,5,2,3,3,0,5
7118,61,0,9,6,833,80,363,52,26,174
4937,62,0,1,3,12,2,20,3,2,5
1127,62,0,6,7,938,19,843,25,95,38
833,62,0,3,3,56,0,14,0,0,2
3565,62,0,3,3,56,0,14,0,0,2
6086,62,0,6,12,445,25,706,80,76,48
1763,62,0,7,10,1259,172,815,97,148,33
4697,62,0,7,5,248,3,81,4,3,51
182,62,0,6,5,284,0,55,0,6,52
1165,62,0,6,7,239,13,143,45,4,52
5386,62,0,5,5,1111,24,790,160,45,172
6024,62,0,5,5,1111,24,790,160,45,172
2678,62,0,5,3,52,12,50,4,36,55
5790,62,0,2,3,25,6,16,20,0,5
236,62,0,2,4,28,23,29,29,14,47
6001,62,0,5,10,614,35,160,58,35,35
6250,62,0,11,8,710,15,30,20,0,0
1168,62,0,4,10,322,53,899,34,40,53
10749,62,0,0,0,73,18,66,7,12,2
2926,62,0,3,11,1241,0,80,0,13,40
716,63,0,6,11,529,0,356,63,28,0
6544,63,0,6,11,529,0,356,63,28,0
4298,63,0,1,2,5,0,4,0,0,1
5823,63,0,1,4,35,0,2,0,0,2
8375,63,0,8,6,447,0,28,0,0,43
5723,63,0,1,5,81,1,31,2,1,0
5763,63,0,6,5,123,17,171,39,0,30
8727,63,0,11,9,587,43,337,42,87,54
3056,63,0,11,9,587,43,337,42,87,54
8442,63,0,1,3,9,0,7,3,4,7
3712,63,0,3,6,212,5,33,7,0,2
10722,63,0,6,3,293,8,124,11,4,106
2406,63,0,6,8,376,4,94,12,9,24
7313,63,0,6,11,570,73,614,133,102,73
2656,63,0,1,2,23,1,7,0,4,24
1993,63,0,2,9,867,0,86,0,0,19
4136,63,0,3,2,10,17,18,8,26,40
2928,63,0,2,8,789,0,142,12,9,38
2920,63,0,2,8,789,0,142,12,9,38
6661,63,0,9,12,757,80,217,29,80,11
5462,63,0,9,12,757,80,217,29,80,11
10897,63,0,9,12,757,80,217,29,80,11
10542,63,0,3,3,29,4,34,2,4,4
5756,64,0,2,3,46,0,7,0,0,2
3570,64,0,4,5,159,2,51,6,2,24
1072,64,0,2,3,70,0,17,0,0,6
9606,64,0,4,6,882,29,514,38,29,44
2730,64,0,3,10,536,11,387,149,91,57
2995,64,0,3,9,291,10,689,84,10,0
8210,64,0,4,8,318,3,17,4,7,56
773,64,0,6,4,379,4,93,12,9,98
5272,64,0,8,3,378,0,88,19,4,73
5125,64,0,4,11,333,0,815,129,42,29
4391,64,0,9,9,635,15,100,20,7,131
6283,64,0,9,9,635,15,100,20,7,131
3421,64,0,9,9,635,15,100,20,7,131
5731,64,0,1,3,12,0,13,2,0,10
7152,64,0,1,3,12,0,13,2,0,10
3919,64,0,5,8,960,0,883,50,38,0
6097,64,0,8,6,313,8,104,6,4,126
5150,64,0,2,3,0,4,7,11,10,15
10479,64,0,3,5,749,40,294,121,160,147
5966,64,0,3,6,203,0,10,0,0,2
3439,64,0,4,5,157,6,39,6,13,75
6609,64,0,3,3,1,26,25,17,23,15
5393,64,0,1,3,22,0,6,6,2,6
9014,65,0,3,3,39,1,16,2,0,3
4050,65,0,2,4,42,16,29,12,20,8
6862,65,0,0,0,1,1,3,1,1,1
8315,65,0,1,2,4,2,11,2,0,4
5184,65,0,1,2,4,2,11,2,0,4
3643,65,0,4,6,750,8,125,11,8,26
2589,65,0,2,3,25,3,16,8,5,2
4887,65,0,2,3,10,5,28,11,1,8
10104,65,0,1,2,4,0,2,0,0,2
3254,65,0,5,4,407,70,239,103,88,53
2004,65,0,4,5,619,54,260,127,54,54
6142,65,1,5,5,629,17,177,69,0,8
8553,65,0,1,3,30,0,9,0,0,3
9805,65,0,6,10,320,48,133,39,72,48
849,65,0,6,10,320,48,133,39,72,48
1606,65,0,1,2,3,1,8,4,3,3
125,65,0,5,5,215,7,33,3,0,13
9305,65,0,4,13,311,26,640,180,37,121
4706,65,0,1,3,29,0,5,0,1,5
4437,65,0,3,5,112,6,92,3,9,38
3081,65,0,1,2,7,2,6,2,0,3
3536,65,0,1,3,7,11,3,10,4,20
8686,65,0,2,3,5,23,15,0,18,14
9707,65,0,4,11,1103,0,45,0,0,34
10872,65,0,4,11,1103,0,45,0,0,34
9058,65,0,5,5,1060,21,530,32,0,224
4640,65,0,4,13,561,85,171,25,123,114
2525,65,0,5,9,153,64,123,116,64,14
9503,65,0,5,5,39,33,130,41,26,44
10704,65,0,6,9,404,0,92,28,27,142
2669,66,0,5,6,375,152,335,93,91,81
10037,66,0,5,6,375,152,335,93,91,81
5680,66,0,1,3,10,4,7,0,6,3
3726,66,0,1,2,4,1,9,3,0,0
4548,66,0,1,3,23,4,10,0,2,15
4599,66,0,7,7,411,0,26,0,0,21
879,66,0,7,7,411,0,26,0,0,21
7409,66,0,4,6,211,2,30,7,7,10
1964,66,0,5,6,446,107,768,33,196,53
0,66,0,3,9,239,10,554,254,87,54
4860,66,0,1,3,7,2,8,3,2,3
425,66,0,6,11,374,64,116,84,25,64
9500,66,1,9,8,221,104,169,102,78,84
3074,66,0,5,4,1218,107,304,23,143,33
5140,66,0,4,12,1047,0,140,67,38,153
2611,66,0,2,12,1206,55,445,168,18,18
916,67,0,1,3,20,3,4,2,0,2
10413,67,0,4,12,274,83,216,151,141,224
3696,67,0,2,3,27,1,12,2,0,10
304,67,0,3,3,19,3,19,4,5,26
5113,67,0,5,5,584,100,835,65,83,35
2863,67,0,2,10,738,20,172,52,50,20
4597,67,0,3,13,889,55,685,168,92,129
675,67,0,4,5,146,0,93,7,13,73
4483,67,0,2,6,315,26,473,220,12,182
1502,67,0,2,3,18,3,19,3,3,6
736,67,0,2,3,18,3,19,3,3,6
4487,67,0,2,4,15,20,25,2,7,26
3412,67,0,2,9,815,8,53,11,0,70
1744,67,0,1,2,9,7,13,3,2,20
5837,67,0,6,6,247,8,160,6,8,65
3422,67,0,2,4,1115,12,128,33,12,76
7462,67,0,10,4,68,0,226,51,157,68
10702,67,0,7,7,185,8,133,56,56,12
2115,68,0,1,4,54,0,10,0,0,2
4138,68,0,5,7,411,106,147,54,115,66
11091,68,0,1,3,7,2,9,2,0,2
7712,68,0,6,10,182,17,259,77,70,29
3535,68,0,4,5,251,108,334,65,92,117
5899,68,0,1,0,28,0,6,1,1,13
8749,68,0,1,2,20,2,9,4,6,20
10955,68,0,3,4,416,46,925,60,107,46
9491,68,0,3,3,14,1,21,2,3,25
5286,68,0,3,4,112,1,54,7,7,36
3409,68,0,7,4,141,8,129,3,11,47
2544,68,0,1,4,50,1,27,6,7,1
2118,68,0,7,8,166,75,96,119,107,59
9370,68,0,6,6,562,81,276,80,40,81
4864,68,0,4,3,72,7,58,13,1,24
405,68,0,5,3,315,0,31,4,0,91
10513,68,0,2,6,438,169,565,91,169,70
5138,68,0,1,3,19,1,14,3,2,4
8387,68,0,4,5,134,8,76,6,0,11
378,68,0,7,10,283,112,151,51,72,125
5846,68,0,1,2,2,1,6,2,1,1
8870,68,0,6,5,75,12,141,43,39,187
10340,68,0,6,5,75,12,141,43,39,187
7290,68,0,3,12,347,44,534,17,0,26
8895,68,0,3,12,347,44,534,17,0,26
3635,69,0,6,8,492,0,37,7,0,42
11178,69,0,1,3,15,2,10,0,1,4
2410,69,0,3,8,364,40,425,158,60,50
3281,69,0,4,8,206,10,67,30,27,71
9905,69,0,3,3,135,1,41,10,1,67
2437,69,0,6,12,861,138,461,60,30,61
2565,69,0,4,10,1016,12,215,16,12,63
7912,69,0,3,2,8,15,27,0,20,33
7072,69,0,8,4,432,79,341,177,136,170
1409,69,0,7,5,270,3,27,39,6,99
5314,69,0,7,5,270,3,27,39,6,99
7215,69,0,6,13,722,27,102,44,72,168
8858,69,0,8,7,516,0,21,0,0,5
895,69,0,5,10,410,16,114,0,5,49
10313,69,0,5,4,159,4,45,6,2,38
642,69,0,2,2,1,3,2,20,30,47
8504,70,0,5,7,350,60,568,110,133,145
1020,70,0,5,7,350,60,568,110,133,145
3717,70,0,5,6,403,24,29,6,24,218
7646,70,0,5,12,218,63,282,137,35,70
5796,70,0,4,13,560,21,442,29,44,29
8625,70,0,3,3,15,1,23,0,5,1
5407,70,0,10,7,729,17,133,11,0,195
4356,70,0,3,5,1224,28,140,0,14,168
2886,70,0,10,10,1121,0,72,0,12,12
10057,70,0,5,9,503,27,419,90,139,153
10741,70,0,6,5,172,12,112,8,0,15
5491,70,0,6,5,172,12,112,8,0,15
4442,70,0,1,5,31,19,35,26,14,52
3972,70,0,7,5,266,6,51,8,6,64
2431,70,0,2,3,12,4,19,12,6,14
7899,70,0,4,4,1245,33,332,21,33,16
9703,70,0,3,2,77,2,35,0,1,69
6927,70,0,5,5,224,0,30,0,0,10
7005,71,0,5,12,479,35,179,28,7,85
246,71,0,4,7,199,9,57,20,21,6
4796,71,0,1,3,18,10,3,3,5,0
4725,71,0,1,4,30,2,25,0,1,9
3286,71,0,2,3,13,2,15,2,2,8
10680,71,0,3,3,45,0,16,2,1,6
4297,71,0,2,3,13,2,18,6,1,0
7327,71,0,1,4,21,5,3,10,1,7
1553,71,0,7,10,966,168,672,246,105,126
1665,71,0,2,6,1459,0,61,0,15,215
10640,71,0,4,4,87,5,71,7,12,29
7620,71,0,2,2,5,11,16,21,8,45
7761,71,0,3,4,13,11,24,13,8,40
5062,71,0,2,2,35,0,4,0,0,0
6349,71,0,8,6,621,73,414,78,48,85
3386,71,0,2,4,34,4,66,3,10,20
8175,71,0,2,4,34,4,66,3,10,20
6245,71,0,3,8,378,14,68,19,14,14
8780,71,0,3,8,378,14,68,19,14,14
2276,71,0,4,11,430,16,322,43,24,33
1172,71,0,7,12,979,44,935,29,25,22
3225,71,0,4,5,116,11,72,3,17,46
8629,71,0,1,3,19,1,10,2,1,8
798,71,0,1,3,2,0,6,8,6,5
269,71,0,4,7,777,30,163,0,51,122
8213,71,0,2,3,6,4,9,6,36,35
10245,71,0,3,8,160,80,369,67,39,41
2447,71,0,2,3,4,12,15,19,7,12
9817,71,0,9,12,853,10,143,13,10,20
1371,72,0,2,9,123,164,266,227,30,174
8093,72,0,4,6,572,8,232,23,62,17
713,72,0,4,6,141,15,153,67,31,35
11051,72,0,6,10,492,19,110,16,12,12
5545,72,0,3,5,572,8,259,34,35,80
5283,72,0,2,4,93,1,21,0,4,25
5010,72,0,1,3,2,8,8,6,1,9
7495,72,0,2,5,77,28,31,16,0,4
4368,72,0,3,4,42,7,43,20,12,10
6303,72,0,5,12,410,73,747,76,161,30
1030,72,0,1,3,22,0,13,0,0,3
10364,72,0,1,2,0,0,1,2,12,5
6945,72,0,9,11,387,20,713,38,54,163
8562,72,0,2,7,127,4,73,15,6,11
2918,72,0,2,4,44,5,19,0,4,19
9167,72,0,9,12,465,71,250,93,35,62
4743,72,0,8,11,689,8,167,11,8,88
10742,72,0,4,5,532,21,127,26,20,20
10965,72,0,3,13,983,20,389,240,50,40
7129,72,0,6,13,686,17,142,23,26,35
3732,72,0,5,9,393,0,239,90,69,69
7124,72,0,2,4,43,4,12,8,0,27
10686,72,0,1,2,15,0,4,0,0,2
7247,72,0,7,6,505,0,26,0,0,75
1513,72,0,2,12,600,21,128,223,150,128
460,72,0,3,8,792,86,740,67,51,17
6653,72,0,7,5,293,0,87,4,11,23
9400,73,0,6,6,630,26,611,44,18,54
7106,73,0,3,10,483,0,591,156,0,12
4252,73,0,4,6,213,5,28,7,7,41
9240,73,0,6,8,458,0,24,6,4,34
10770,73,0,4,13,247,161,295,210,85,47
176,73,0,4,6,90,38,67,33,36,67
6870,73,0,3,7,182,2,49,17,13,20
143,73,0,5,4,466,0,224,119,49,99
6445,73,0,4,6,243,101,405,29,40,40
4278,73,0,10,6,910,111,724,49,74,55
6906,73,0,3,4,167,48,602,63,72,72
4637,73,0,6,9,960,64,464,146,0,16
8690,73,0,5,10,399,28,756,36,40,126
1173,73,0,4,6,1200,105,758,0,42,147
1928,73,0,2,3,35,3,20,4,1,20
9029,73,0,2,12,707,44,603,95,58,29
10299,73,0,6,13,389,91,248,64,49,41
9246,73,0,6,6,171,3,129,26,24,62
4943,73,0,2,9,1379,33,216,0,33,66
4122,73,0,6,4,504,23,117,179,28,44
2853,74,0,4,4,60,51,87,6,20,51
902,74,0,6,4,224,12,48,4,12,12
1672,74,0,5,8,204,7,149,20,15,66
7254,74,0,3,3,39,0,56,20,8,14
8775,74,0,3,3,39,0,56,20,8,14
9543,74,0,0,3,3,6,5,0,2,6
7093,74,0,0,3,3,6,5,0,2,6
2894,74,0,7,8,1067,138,750,0,19,39
5956,74,0,6,4,144,2,99,7,2,30
1921,74,0,2,3,46,1,12,3,0,9
5057,74,0,4,10,264,47,188,54,47,11
10260,74,0,6,5,202,5,74,11,5,14
2262,74,0,6,5,202,5,74,11,5,14
7930,74,0,3,6,101,13,76,20,18,40
1461,74,0,2,3,17,1,12,3,1,4
7514,74,0,3,4,84,10,34,11,10,28
6461,74,0,5,11,581,49,157,43,8,108
257,74,0,5,9,952,12,180,47,12,12
9460,74,0,3,2,30,3,47,19,21,42
3855,74,0,3,2,30,3,47,19,21,42
367,74,0,9,5,47,90,94,123,103,120
9265,74,0,9,6,925,64,179,133,12,77
1990,74,0,3,8,965,34,586,89,86,37
3594,74,0,8,9,539,6,91,8,6,97
9292,74,0,4,7,324,132,693,27,118,88
6218,74,0,8,7,457,4,29,0,0,9
6528,75,0,1,2,2,2,2,2,1,1
10164,75,0,5,5,1017,33,417,108,100,16
9937,75,0,2,12,187,81,149,25,43,91
274,75,0,2,3,9,3,15,2,3,2
5250,75,0,5,11,532,126,490,164,126,126
11010,75,0,3,3,19,3,18,3,1,0
6969,75,0,4,5,99,13,66,43,8,4
10735,75,0,2,2,14,1,7,2,1,1
5068,75,0,2,2,14,1,7,2,1,1
9974,75,0,3,2,15,6,20,4,5,20
7053,75,0,3,8,604,28,674,91,28,28
3179,75,0,6,7,249,153,940,58,134,38
8082,75,0,1,2,1,3,6,3,6,15
1362,75,0,6,6,33,87,64,175,16,74
6768,75,0,1,3,22,1,8,2,1,2
2375,75,0,0,3,8,0,5,0,3,6
6856,75,0,3,3,14,0,23,4,5,19
4066,76,0,2,2,1,5,8,4,8,20
4333,76,0,2,3,41,0,10,0,0,3
2948,76,0,2,5,104,12,48,4,12,5
4927,76,0,3,3,8,3,22,21,1,13
7426,76,0,3,5,111,16,37,7,9,18
8360,76,0,3,5,111,16,37,7,9,18
4058,76,0,11,8,618,15,106,20,7,45
10755,76,0,3,2,6,3,14,15,7,36
8414,76,0,2,4,56,0,12,0,0,18
6810,76,0,3,6,267,98,606,48,70,98
3839,76,0,2,3,6,12,3,21,6,40
3483,76,0,2,12,1039,43,204,153,58,29
238,76,0,9,9,515,47,181,149,95,95
591,76,0,8,7,293,35,179,46,59,65
5063,76,0,4,4,41,5,129,10,3,3
4303,76,0,0,1,107,2,12,2,2,12
2258,76,0,1,3,8,4,15,7,6,2
7301,76,0,3,3,4,22,11,3,7,32
11121,76,0,4,3,2,14,28,16,3,7
5287,77,0,3,3,45,2,26,4,1,1
6457,77,0,6,12,527,24,230,32,24,65
3559,77,0,2,3,12,11,10,3,12,9
5577,77,0,1,2,8,0,9,2,1,3
641,77,0,2,2,59,0,12,0,0,48
954,77,0,2,3,3,3,24,34,7,31
1834,77,0,2,3,30,5,23,4,1,4
8789,77,0,3,7,35,40,111,36,40,12
10584,77,0,5,8,225,162,387,106,36,29
2337,77,0,3,3,9,1,24,2,1,2
6071,77,0,3,11,493,70,324,146,40,84
295,77,0,3,11,493,70,324,146,40,84
10203,77,0,1,3,11,7,9,3,1,11
3968,77,0,11,12,918,10,129,13,0,129
4037,77,0,1,2,3,1,3,8,0,5
6932,77,0,7,5,1285,42,716,55,0,21
10159,77,0,11,9,440,81,368,0,122,174
1177,77,0,3,3,80,3,26,4,2,14
9426,77,0,2,3,691,0,69,10,0,130
10637,77,1,3,3,24,0,27,8,30,10
10826,77,0,1,2,6,1,7,23,4,19
4086,77,0,1,2,6,1,7,23,4,19
10304,77,0,1,2,6,1,7,23,4,19
7998,77,0,2,2,53,8,17,13,0,21
10992,77,0,4,11,650,28,353,45,42,30
6383,78,0,3,3,26,0,15,2,1,2
10536,78,0,3,3,26,0,15,2,1,2
6036,78,0,5,7,1168,92,408,72,129,55
11092,78,0,2,3,12,1,21,2,2,3
538,78,0,1,4,31,9,27,16,9,33
10022,78,0,1,2,12,0,4,0,0,0
10157,78,0,4,6,89,15,89,34,42,5
3503,78,0,5,6,255,47,573,52,32,15
146,78,0,4,11,760,53,400,17,93,0
5538,78,0,4,6,897,161,430,186,161,27
3910,78,0,4,6,897,161,430,186,161,27
4227,78,0,2,3,28,0,13,4,2,8
6634,78,0,2,3,22,3,18,0,0,11
8916,78,0,0,3,9,1,5,0,0,1
6460,78,0,2,3,12,4,6,11,8,16
5883,78,0,7,7,138,120,204,16,126,60
10091,78,0,6,6,520,20,367,39,81,40
697,78,0,5,6,972,59,913,25,19,59
2607,78,0,8,8,424,17,118,7,23,41
8427,78,0,7,10,556,14,717,210,0,43
217,78,0,7,10,556,14,717,210,0,43
6202,78,0,4,13,571,50,142,33,50,159
3856,78,0,4,13,571,50,142,33,50,159
10648,78,0,5,6,398,96,447,220,96,32
5120,78,0,5,6,398,96,447,220,96,32
6749,78,0,5,6,957,47,494,82,47,95
1584,79,0,8,5,171,7,171,25,19,89
9559,79,0,7,13,944,0,60,0,0,30
771,79,0,2,5,135,9,39,4,0,7
5237,79,0,2,3,28,1,21,3,0,10
2461,79,0,1,3,26,1,11,0,1,4
5474,79,0,4,4,45,7,99,4,25,43
2895,79,0,3,5,104,1,54,13,9,14
7972,79,0,3,9,400,32,519,71,75,54
10067,79,0,1,2,4,0,4,0,0,5
500,79,0,7,9,908,43,735,40,194,21
922,79,0,1,2,16,2,11,3,0,16
2861,79,0,1,2,9,1,6,3,0,4
375,79,0,2,11,516,56,449,86,33,16
10936,79,0,5,4,597,166,597,172,166,249
10314,79,0,9,5,847,66,119,86,89,111
4240,79,0,2,2,4,9,16,17,0,12
2674,79,0,6,6,543,10,205,160,143,82
2563,80,0,2,3,1,9,7,2,14,10
8312,80,0,2,3,1,9,7,2,14,10
6999,80,0,7,12,656,16,106,32,16,8
7574,80,0,2,3,11,0,13,2,4,11
5223,80,0,2,3,33,8,10,2,10,3
2952,80,0,3,3,29,3,30,3,2,9
7683,80,0,5,12,554,35,113,0,7,78
9481,80,0,3,3,9,9,11,13,10,16
9907,80,0,6,10,742,28,152,25,9,57
5454,80,0,2,3,37,0,7,3,0,3
3798,80,0,2,3,24,2,23,0,8,24
7281,80,0,1,4,81,11,50,3,2,39
4259,80,0,1,2,6,0,4,0,0,0
2549,80,0,1,3,17,0,9,0,0,1
6437,80,0,2,3,21,8,20,15,3,9
2488,80,0,2,3,23,1,25,0,8,7
3945,80,0,11,4,618,44,215,0,17,36
702,80,0,4,8,162,61,83,97,57,61
9010,80,0,5,10,968,147,842,137,42,210
9710,80,0,11,7,708,7,62,0,0,15
1509,80,0,9,4,152,27,103,106,54,81
9120,80,0,4,9,747,10,161,65,40,42
5252,80,0,2,3,16,12,18,7,1,13
5959,80,0,3,5,158,0,23,0,0,18
7441,80,0,2,12,958,159,447,20,0,31
4271,80,0,4,6,46,35,69,84,41,66
4095,80,0,4,6,167,37,64,49,34,116
8852,80,0,8,11,387,126,342,0,45,180
7698,81,0,4,4,152,3,22,2,5,7
4174,81,0,2,4,97,1,19,2,0,11
3182,81,0,5,3,96,1,79,7,1,79
193,81,0,1,2,0,0,2,3,3,8
5229,81,0,1,3,30,1,8,0,0,3
5555,81,0,0,0,1,1,1,1,1,1
7732,81,0,7,10,293,0,124,179,97,52
310,81,0,4,9,330,5,159,36,27,16
6261,81,0,3,10,270,31,88,11,48,22
6274,81,0,8,6,1076,16,417,42,48,16
1655,81,0,1,3,16,3,15,2,1,11
2740,81,0,2,4,62,1,16,3,2,6
4328,81,0,2,3,5,1,7,17,14,11
17,81,0,6,7,637,47,237,12,19,76
9153,81,0,7,10,418,61,428,80,51,10
520,81,0,1,2,3,3,7,6,2,9
8372,81,0,1,2,3,3,7,6,2,9
73,81,0,0,3,14,0,3,0,0,1
2002,81,0,5,5,587,51,932,180,34,86
6059,81,0,11,4,986,36,168,16,0,108
11166,81,0,6,4,229,5,56,3,2,20
6257,81,0,7,7,255,43,134,37,14,24
9224,81,0,8,5,825,8,53,11,0,242
8732,81,0,7,10,1298,0,70,37,14,42
955,81,0,4,4,167,2,44,6,2,19
4910,81,0,11,13,1132,134,384,175,134,115
564,81,0,8,9,746,8,125,11,8,8
8931,82,0,11,10,812,99,431,237,149,33
1998,82,0,2,3,34,6,21,11,4,8
1250,82,0,2,3,34,6,21,11,4,8
8397,82,0,1,2,18,0,5,0,0,11
9672,82,0,1,3,8,3,9,19,4,22
2125,82,0,3,8,194,61,480,225,112,30
5975,82,0,2,3,37,0,17,0,0,3
983,82,0,6,3,110,29,92,28,10,145
9938,82,0,4,6,519,17,813,27,173,51
4385,82,0,3,3,23,0,15,0,2,7
1612,82,0,3,3,23,0,15,0,2,7
803,82,0,0,2,12,0,5,0,0,4
10675,82,0,9,5,909,11,218,0,0,23
7004,82,0,3,2,24,3,26,7,1,23
4432,82,0,2,3,2,3,20,6,11,9
5079,82,0,2,3,71,1,16,0,0,9
4475,82,0,7,9,1315,22,780,145,0,178
10868,82,0,3,10,344,45,654,104,11,114
6742,82,1,1,2,2,2,1,3,1,2
5692,82,0,1,3,1,4,3,8,9,7
339,82,0,9,5,462,0,24,6,0,4
10398,82,0,1,2,1,6,2,8,2,12
8017,83,0,2,3,22,0,19,6,5,3
3722,83,0,2,3,31,1,8,0,0,8
7326,83,0,1,3,34,1,19,2,7,0
2416,83,0,2,9,789,25,420,16,38,0
1878,83,0,2,3,4,6,8,6,3,10
5278,83,0,6,5,307,26,360,138,31,40
5734,83,0,2,4,46,4,36,2,2,1
4370,83,0,2,4,18,1,32,6,3,28
8405,83,0,4,5,135,25,51,23,25,46
7617,83,0,2,5,67,5,61,3,8,19
10339,83,0,4,4,161,0,22,0,0,24
6376,83,0,4,8,191,56,139,51,8,100
2150,83,0,8,4,860,28,409,73,56,56
7386,83,0,1,3,17,0,14,7,3,2
3006,83,0,1,3,17,0,14,7,3,2
11088,83,0,4,4,1396,0,322,46,35,17
5185,83,0,4,5,199,66,315,97,174,41
3523,83,0,5,8,583,34,309,0,22,125
55,83,0,7,9,509,0,65,7,11,5
3807,83,0,9,9,473,21,176,19,21,56
2453,83,0,5,12,526,28,135,10,21,99
7787,83,0,5,12,526,28,135,10,21,99
2230,84,0,3,3,27,2,14,0,0,0
8146,84,0,1,2,30,0,8,2,0,14
988,84,0,6,7,410,0,592,147,22,22
4832,84,0,2,2,6,5,17,3,24,46
3152,84,0,2,3,15,10,19,8,17,20
11188,84,0,2,3,15,10,19,8,17,20
361,84,0,1,2,5,1,7,2,1,4
5939,84,0,3,3,43,5,28,7,6,33
9349,84,0,6,11,693,21,118,110,147,42
819,84,0,6,13,508,124,249,50,38,134
10120,84,0,3,6,116,6,82,6,6,41
4541,84,0,3,6,116,6,82,6,6,41
2456,84,0,2,5,80,4,46,0,17,2
2516,84,0,1,2,22,2,10,6,4,34
11013,84,0,2,6,336,28,282,184,54,54
9988,84,0,6,13,553,25,142,65,67,8
1627,84,0,5,9,408,61,109,48,122,41
1490,84,0,10,8,675,0,85,10,7,77
6710,84,0,2,4,68,1,13,3,5,13
7375,84,0,8,4,297,7,79,0,11,182
10144,84,0,8,4,297,7,79,0,11,182
3138,84,0,7,6,1324,27,119,71,108,27
1440,84,0,9,9,367,17,241,104,188,232
4200,85,0,4,6,167,2,62,24,13,7
4998,85,0,4,4,292,30,415,63,33,200
7321,85,0,4,4,292,30,415,63,33,200
8663,85,0,1,2,11,0,3,0,0,1
1958,85,0,8,9,582,0,65,0,0,13
6963,85,0,2,10,675,11,400,15,45,11
1065,85,0,5,5,557,129,984,193,37,18
2712,85,0,6,10,184,178,178,103,39,33
6049,85,0,7,11,1142,51,415,90,69,37
6605,85,0,9,6,504,13,131,8,0,26
11181,85,0,0,0,2,1,2,1,1,1
5234,85,0,1,3,12,5,25,0,9,30
5253,85,0,4,4,145,13,46,17,2,4
11148,85,0,1,2,2,1,4,3,1,2
6289,85,0,3,4,135,0,10,0,4,36
9743,85,0,11,8,1449,89,161,69,35,107
9209,85,0,4,13,829,138,430,60,92,15
6417,85,0,4,13,829,138,430,60,92,15
7937,86,0,3,3,10,7,25,6,3,7
6488,86,0,3,2,76,0,7,0,0,16
3194,86,0,4,10,412,12,546,78,182,0
231,86,0,2,3,24,0,7,0,0,1
9697,86,0,7,8,335,42,127,28,5,5
4676,86,0,9,8,612,91,520,258,107,107
8079,86,0,2,3,3,1,8,23,2,18
10032,86,0,3,3,3,5,14,2,12,17
10505,86,0,3,7,741,19,154,50,9,28
2005,86,0,2,4,22,3,30,0,5,15
6940,86,0,3,3,100,1,39,6,1,76
2304,86,0,6,12,625,7,99,10,22,7
3170,86,0,4,6,389,66,408,37,57,85
10466,86,0,1,4,24,2,20,2,2,10
7325,86,0,1,3,23,0,11,2,1,3
455,86,0,4,4,102,9,63,2,9,24
7592,86,0,4,4,102,9,63,2,9,24
4547,86,0,1,3,6,2,9,2,1,5
6825,86,0,1,2,13,0,3,0,0,0
2961,86,0,6,4,175,10,110,54,6,27
8700,86,0,2,3,7,7,14,7,16,15
2278,86,0,2,3,4,17,19,30,24,39
10703,86,0,3,2,57,0,27,0,0,36
9,86,0,3,2,57,0,27,0,0,36
2804,86,0,3,2,57,0,27,0,0,36
4915,86,0,5,12,176,72,98,136,21,229
3010,87,0,4,8,957,153,612,99,95,153
4279,87,0,1,3,15,4,10,3,4,18
2564,87,0,3,4,111,3,28,2,6,15
1137,87,0,4,7,398,190,537,61,156,37
5084,87,0,6,13,445,53,213,104,98,151
7094,87,0,6,13,445,53,213,104,98,151
6327,87,0,2,6,565,32,435,28,32,54
6131,87,0,4,8,141,70,106,72,19,23
5798,87,0,2,8,445,37,359,98,28,18
10379,87,0,5,9,327,9,122,19,14,83
606,87,0,1,2,6,1,2,2,0,4
7801,87,0,5,11,197,107,227,7,59,131
2445,87,0,2,3,38,1,24,0,0,0
5346,87,0,3,3,25,5,19,7,0,23
550,87,0,3,13,243,131,217,85,6,26
4478,87,0,11,6,457,5,106,15,17,53
2350,87,0,3,8,623,53,178,23,17,133
1118,87,0,10,5,544,13,85,8,6,29
1491,87,0,3,7,162,33,124,40,28,172
4507,87,0,6,8,631,28,491,30,14,56
7023,87,0,6,4,189,2,55,0,5,12
6977,87,0,10,13,1073,0,629,145,37,37
4042,87,0,4,4,91,3,52,2,1,31
7274,87,0,4,10,736,163,818,212,163,61
2902,87,0,1,3,19,4,12,2,2,6
3332,87,0,3,4,64,4,68,7,5,17
7433,87,0,3,4,64,4,68,7,5,17
9386,88,0,5,6,274,0,21,4,6,15
5176,88,0,1,3,7,6,13,7,6,14
10323,88,0,4,5,205,7,41,3,2,46
4682,88,0,2,8,99,27,102,28,48,6
3083,88,0,6,5,215,13,87,17,17,24
8015,88,0,4,9,714,76,395,116,0,12
1745,88,0,4,9,714,76,395,116,0,12
3136,88,0,5,11,317,25,265,25,19,12
6991,88,0,9,6,537,6,42,16,6,30
8132,88,0,9,8,565,6,65,0,6,19
503,88,0,2,3,13,1,29,3,0,7
8148,88,0,6,12,285,28,242,55,114,135
2736,88,0,5,11,366,124,156,71,78,54
8162,88,0,1,3,4,1,11,6,2,2
692,88,0,1,2,4,2,5,0,0,5
7706,88,0,11,5,350,104,189,197,151,57
9298,89,0,4,8,1252,0,465,46,35,0
2986,89,0,1,2,7,2,4,2,1,4
10812,89,0,2,3,37,0,46,4,3,0
2909,89,0,8,6,934,24,230,16,24,36
6974,89,0,6,5,518,42,742,55,56,84
9140,89,0,2,4,51,4,24,4,7,1
4554,89,0,3,8,171,45,73,59,10,90
7791,89,0,1,3,12,1,6,0,1,5
5455,89,0,2,4,99,0,15,2,1,5
7960,89,0,3,13,734,22,350,151,25,100
3426,89,0,5,13,1045,61,338,60,46,46
5316,89,0,2,4,36,4,18,6,2,18
1404,89,0,5,3,51,23,82,33,0,42
10598,89,0,2,3,12,1,16,4,1,3
8212,89,0,3,4,85,15,27,13,13,21
3233,89,0,7,11,562,21,464,28,10,32
7892,89,0,2,3,6,4,25,15,12,13
2975,89,0,6,9,717,42,864,219,30,84
5043,89,0,4,5,7,23,78,133,49,144
3104,89,0,5,12,830,59,968,51,79,19
10854,90,0,2,3,29,0,14,0,0,2
7419,90,0,2,3,8,3,19,0,2,3
5558,90,0,4,4,1020,31,430,62,63,79
832,90,0,8,10,561,14,113,10,14,35
4964,90,0,2,4,680,11,392,75,0,0
11030,90,0,1,2,9,0,3,0,0,4
4587,90,0,3,7,162,25,53,16,0,10
450,90,0,1,4,67,15,80,17,11,80
11031,90,0,1,3,26,1,10,2,0,1
4990,90,0,11,8,524,0,134,28,28,155
221,90,0,3,4,138,3,38,4,0,59
4351,90,0,1,2,18,2,10,0,0,25
1357,90,0,2,5,856,59,487,58,29,73
5667,90,0,9,4,1013,30,399,60,46,153
8867,90,0,4,5,864,134,768,150,38,172
2747,90,0,4,5,864,134,768,150,38,172
7422,90,0,5,7,85,44,54,102,78,6
4148,90,0,5,6,164,24,103,12,3,42
9516,90,0,9,10,620,54,239,99,98,119
1291,90,0,6,4,152,9,121,12,12,45
1833,91,0,2,4,68,8,18,19,8,12
7270,91,0,2,13,908,48,217,32,12,24
8182,91,0,3,4,53,3,49,7,4,5
10394,91,0,4,5,675,144,133,94,192,241
1142,91,0,3,9,208,7,82,30,66,35
451,91,0,1,2,9,0,7,2,0,4
7128,91,0,1,2,4,0,5,0,1,5
10678,91,0,11,10,653,17,170,34,26,17
7755,91,0,9,4,350,3,39,0,0,19
4754,91,0,2,4,30,11,33,13,6,29
20,91,0,2,4,43,12,23,29,15,61
2246,91,0,2,4,43,12,23,29,15,61
10307,91,0,6,8,369,9,87,12,14,34
2147,91,0,4,11,736,63,946,219,189,126
10590,91,0,4,10,794,73,573,0,29,14
6565,91,0,11,9,1012,80,498,0,16,176
6619,91,0,1,3,22,1,13,4,0,4
4817,91,0,1,2,3,2,7,0,4,2
4508,92,0,2,5,203,35,305,46,17,227
4843,92,0,2,5,203,35,305,46,17,227
9197,92,0,2,3,32,0,5,2,0,8
6237,92,0,23,1,81,4,33,5,2,291
6515,92,0,2,3,6,2,18,2,8,14
5954,92,0,5,4,76,14,74,13,5,10
7938,92,0,3,10,350,8,66,17,4,4
961,92,0,7,5,133,27,421,13,195,71
1764,92,0,5,5,100,2,128,23,7,10
1916,92,0,7,6,188,3,180,20,3,43
6941,92,0,2,2,17,8,12,11,15,32
5562,92,0,7,10,502,12,109,16,6,90
1517,92,0,1,3,3,9,13,2,12,12
7286,92,0,2,2,13,6,15,3,5,13
4687,92,0,3,9,674,92,736,39,0,92
5631,92,0,5,8,202,47,197,55,42,149
1951,92,0,11,8,228,122,122,208,129,30
123,92,0,4,4,544,35,133,23,151,107
9451,92,0,10,9,811,76,428,99,137,107
7396,92,0,5,12,342,51,936,207,35,26
3298,92,0,9,9,856,0,76,12,9,199
6730,92,1,2,3,34,1,14,0,0,5
9916,92,1,2,3,34,1,14,0,0,5
2227,92,0,3,5,45,47,52,21,20,25
946,92,0,3,5,45,47,52,21,20,25
3745,92,0,3,3,5,36,7,0,10,45
4094,92,0,5,5,201,2,43,3,5,35
8588,92,0,5,5,201,2,43,3,5,35
3916,92,0,7,12,639,8,166,11,8,58
9135,92,0,1,2,13,2,21,4,0,24
1755,93,0,1,4,30,11,25,29,1,18
2875,93,1,3,13,444,44,382,11,8,17
2008,93,0,4,9,372,23,384,250,12,108
10925,93,0,3,11,255,31,446,40,56,175
1604,93,0,2,6,184,2,19,8,8,4
5389,93,0,6,5,238,17,68,8,10,6
2878,93,0,4,7,162,31,127,8,17,69
4440,93,0,8,6,509,0,27,0,0,10
1324,93,0,3,3,23,3,21,3,19,22
6262,93,0,3,8,816,42,450,55,56,154
3628,93,0,2,2,4,8,11,19,12,26
3641,93,0,2,3,10,2,15,2,1,6
322,93,0,2,3,29,1,11,0,0,0
175,93,0,8,8,656,80,455,52,107,93
6988,93,0,8,8,656,80,455,52,107,93
8204,93,0,4,9,482,35,553,72,160,17
7476,93,0,5,10,928,63,254,0,12,12
5221,93,0,10,5,714,8,99,11,0,47
8970,93,0,6,7,371,22,39,6,0,92
9286,93,0,5,4,407,28,100,120,74,18
5831,93,0,5,5,1017,50,500,65,50,133
1010,94,0,1,3,41,0,17,3,1,16
11074,94,0,3,10,494,92,391,194,11,241
5896,94,0,4,6,272,7,80,20,7,11
3515,94,0,4,4,87,13,34,10,6,10
5324,94,0,5,6,173,43,118,46,27,15
6534,94,0,2,3,29,0,29,0,5,4
8373,94,0,1,3,1,3,6,10,0,9
3829,94,0,1,3,1,3,6,10,0,9
4501,94,0,3,9,292,127,635,132,127,165
4179,94,0,1,3,8,9,9,2,5,22
2292,94,0,1,3,5,4,8,2,0,5
9239,94,0,2,4,92,4,18,3,3,6
8953,94,0,1,3,27,0,5,0,0,3
10258,94,0,1,3,27,0,5,0,0,3
3520,94,0,4,7,162,28,818,0,28,56
10402,94,0,1,3,25,1,9,2,1,1
11114,94,0,2,3,25,4,9,6,8,32
9553,94,0,0,3,0,2,3,4,1,5
6055,94,0,5,8,546,72,376,94,145,72
4786,94,0,10,12,555,82,257,93,61,61
5015,94,0,2,3,68,6,38,3,6,41
8560,94,0,6,7,351,16,156,7,5,145
3469,94,0,3,3,19,18,33,24,1,8
5885,94,0,4,4,73,3,90,12,1,32
3310,94,0,4,4,73,3,90,12,1,32
2134,94,0,5,8,263,5,233,69,41,83
2532,95,0,2,6,982,73,351,56,14,175
2579,95,0,6,9,495,33,255,11,33,8
3117,95,0,6,5,264,0,21,12,6,147
5623,95,0,1,2,15,4,13,0,0,19
4789,95,0,4,5,769,22,500,210,143,33
9523,95,0,0,3,5,0,8,2,0,0
5268,95,0,1,4,17,8,14,10,4,3
1545,95,0,7,5,120,19,206,25,19,54
2254,95,0,9,5,627,120,414,121,80,93
2661,95,0,2,4,12,4,2,10,6,10
3130,95,0,2,4,12,4,2,10,6,10
5847,95,0,7,10,312,21,206,102,92,149
5863,95,0,6,8,359,0,134,13,26,123
999,95,0,6,11,490,44,125,29,20,22
2931,95,0,6,9,737,21,106,55,63,210
1890,95,0,1,2,11,1,4,2,0,7
5589,95,0,9,10,631,0,115,10,7,30
10172,95,0,4,11,456,19,832,75,118,38
6729,95,0,4,11,456,19,832,75,118,38
10492,96,0,0,3,2,0,5,2,0,1
2939,96,0,4,4,751,127,687,20,15,31
5948,96,0,4,5,143,6,52,11,8,17
574,96,0,1,4,14,36,11,3,26,35
3266,96,0,1,4,14,36,11,3,26,35
10500,96,0,3,4,19,1,20,16,14,28
7987,96,0,8,6,346,17,48,23,13,13
1135,96,0,3,4,18,2,19,0,2,6
24,96,0,3,4,18,2,19,0,2,6
7244,96,0,2,4,48,5,48,6,10,7
1966,96,0,6,10,684,100,801,21,66,0
7789,96,0,6,10,684,100,801,21,66,0
3336,96,0,2,5,712,0,45,0,0,191
5644,96,0,5,7,309,3,24,4,3,20
1295,96,0,6,7,231,65,196,38,71,124
6663,96,0,3,4,144,0,7,0,0,6
10262,96,0,3,3,8,2,15,0,10,18
456,96,0,2,3,1,11,5,4,6,9
3270,96,0,3,3,12,23,38,30,18,7
5748,96,0,5,6,115,27,44,4,146,139
8952,96,0,6,10,397,46,288,20,38,70
3921,96,0,4,4,24,1,108,29,29,14
9826,96,0,5,10,899,102,838,133,102,40
5830,96,0,5,10,899,102,838,133,102,40
8310,96,0,10,7,897,126,196,91,112,37
6382,97,0,1,3,25,0,11,3,0,15
8439,97,0,6,4,734,26,70,11,44,17
7613,97,0,5,6,166,5,107,11,8,29
48,97,0,4,3,136,1,12,0,3,32
5046,97,0,10,7,756,138,354,160,169,61
3231,97,0,1,3,5,4,10,2,2,7
7181,97,0,2,3,35,0,13,2,0,2
1663,97,0,2,2,20,2,14,3,0,10
5441,97,0,5,6,267,6,54,8,3,50
8602,97,0,7,11,412,172,153,150,105,57
9925,97,0,4,3,127,1,56,0,1,31
9499,97,0,3,7,1279,15,287,20,0,15
6568,97,0,2,3,11,0,36,15,5,12
3032,97,0,4,4,28,34,62,11,14,44
5153,97,0,11,11,1004,59,265,115,59,27
4127,97,0,11,11,1004,59,265,115,59,27
9940,97,0,6,4,382,114,276,75,124,38
7527,97,0,2,3,6,6,29,12,15,8
3406,97,0,3,7,138,33,87,28,24,12
9771,97,0,5,5,104,20,101,24,15,5
6722,98,0,10,7,479,28,136,75,14,35
213,98,0,2,3,35,0,11,0,0,2
8541,98,0,2,4,8,4,10,6,7,6
8475,98,0,0,0,20,2,1582,1,2,1
8070,98,0,3,5,199,12,31,3,12,7
313,98,0,6,10,901,61,757,186,163,20
9757,98,0,5,12,997,15,414,99,30,76
2088,98,0,5,12,997,15,414,99,30,76
2320,98,0,11,6,508,11,59,23,5,29
966,98,0,6,11,538,13,91,17,6,26
9706,98,0,2,3,62,1,20,4,0,7
3979,98,0,6,8,982,17,672,23,34,51
5602,98,0,8,12,466,22,432,147,113,102
2202,98,0,1,4,44,2,11,2,3,7
9645,98,0,9,10,920,138,168,36,46,30
7230,98,0,4,7,459,0,24,6,0,4
5675,98,0,4,7,459,0,24,6,0,4
4974,98,0,4,9,433,89,650,16,102,102
5687,98,0,7,12,563,50,774,28,31,187
5871,98,0,6,6,73,28,217,10,24,115
3846,98,0,6,4,192,5,53,0,5,15
10001,98,0,2,3,5,17,17,13,14,34
2831,99,0,7,10,453,38,279,188,38,183
868,99,0,2,3,54,0,7,0,0,4
7212,99,0,2,3,54,0,7,0,0,4
1743,99,0,2,5,273,86,208,177,14,43
2415,99,0,5,5,362,17,398,80,35,61
7947,99,0,1,3,24,0,8,0,1,4
2106,99,0,1,3,0,6,3,7,6,12
3363,99,0,1,3,0,6,3,7,6,12
8595,99,0,1,3,55,0,6,2,0,4
7232,99,0,1,3,55,0,6,2,0,4
7829,99,1,2,2,15,6,8,7,4,25
9977,99,0,9,5,321,11,309,33,26,34
10142,99,0,5,11,372,18,126,47,48,78
5263,99,0,1,3,5,10,13,3,8,16
22,99,0,6,5,185,2,88,15,5,14
528,99,0,5,10,267,38,701,149,165,63
4070,99,0,8,4,169,24,553,188,0,144
